ID,NAMES ,PARTY,STATE,FEDERAL  CONSTITUENCY,GENDER,AGE,STATUS
1,OSSY EHIRIODO OSSY PRESTIGE CHINEDU,APGA,ABIA,ABA--NORTH/ABA-SOUTH,Male,51,Returning Representative
2,NKOLE UKO NDUKWE,PDP,ABIA,AROCHUKWU/OHAFIA,Male,42,Returning Representative
3,BENJAMIN OKEZIE KALU,APC,ABIA,BENDE,Male,58,New Representative
4,SAMUEL IFEANYI ONUIGBO,PDP,ABIA,IKWUANO/UMUAHIA--NORTH/UMUAHIA--SOUTH,Male,47,Returning Representative
5,DARLINGTON NWOKOCHA,PDP,ABIA,ISIALA NGWA-NORTH/-SOUTH,Male,51,Returning Representative
6,NKEIRUKA C ONYEJEOCHA,APC,ABIA,ISUIKWU ATO/UMUNEOCHI,Female,49,Returning Representative
7,SOLOMON ADAELU,PDP,ABIA,OBINGWA/OSISI OMA/UGWUN AGBO,Male,46,Returning Representative
8,UZOMA NKEM ABONTA,PDP,ABIA,UKWA-EAST/UKWA-WEST,Male,56,Returning Representative
9,KWAMOTI BITRUS LAORI,PDP,ADAMAWA,DEMSA/LAMURDE/NUMAN,Male,52,Returning Representative
10,MUHAMMED MUSTAFA SAIDU,PDP,ADAMAWA,FUFORE/SONG,Male,57,New Representative
11,ABDULRAZAK SAAD NAMDAS,APC,ADAMAWA,GANYE/JADA/MAYOBELWA/TOUNGO,Male,49,Returning Representative
12,ABDULRAUF ABDULKADIR MODIBBO,APC,ADAMAWA,YOLA-NORTH/YOLA-SOUTH/GIREI,Male,32,New Representative
13,YUSUF BUBA YAKUB,APC,ADAMAWA,GOMBI/HONG,Male,50,Returning Representative
14,GIBEON GOROKI,PDP,ADAMAWA,GUYUK/SHELLENG,Male,57,New Representative
15,ZAKARIA DAUDA NYAMPA,PDP,ADAMAWA,MADAGALI/MICHIKA,Male,44,New Representative
16,JAAFAR ABUBAKAR MAGAJI,APC,ADAMAWA,MAIHA/MUBI-NORTH/MUBI-SOUTH,Male,38,New Representative
17,ANIEKAN JOHN UMANAH,PDP,AKWA IBOM,ABAK/ETIMEKPO/IKA,Male,50,New Representative
18,IFON PATRICK NATHAN,PDP,AKWA IBOM,EKET/ESITEKET/IBENO/ONNA,Male,60,New Representative
19,IKONG NSIKAK OKON,PDP,AKWA IBOM,IKOTEKPENE/ESSIEN UDIM/OBOTAKARA,Male,53,New Representative
20,ONOFIOK LUKE AKPAN,PDP,AKWA IBOM,ETINAN/NSITIBOM/NSITUBIUM,Male,40,New Representative
21,ENYONG MICHAEL OKON,PDP,AKWA IBOM,UYO/URUAN/NSIT ATAI/ASUTAN/IBESIKPO,Male,48,Returning Representative
22,ARCHIBONG HENRY OKON,PDP,AKWA IBOM,ITU/IBIONOIBOM,Male,52,Returning Representative
23,EMMANUEL UKPONG-UDO EFFIONG,PDP,AKWA IBOM,IKONO/INI,Male,43,New Representative
24,FRANCIS CHARLES UDUYOR,PDP,AKWA IBOM,IKOTA BASI/MKPA TENIN/-EASTERN OBOLO,Male,48,Returning Representative
25,EKPENYONG NSE,PDP,AKWA IBOM,MBO/OKOBO/ORON/UDUNGUKO/URUE,Male,54,Returning Representative
26,UNYIME JOSIAH IDEM,PDP,AKWA IBOM,UKANAFUN/ORUKANAM,Male,43,New Representative
27,UMEOJI CHUKWUMA MICHAEL,APGA,ANAMBRA,AGUATA,Male,51,New Representative
28,CHINEDU BENJAMIN OBIDIGWE,APGA,ANAMBRA,ANAMBRA-EAST/ANAMBRA-WEST,Male,39,New Representative
29,ONWUASO CHINEDU,PDP,ANAMBRA,AWKA-NORTH/AWKA-SOUTH,Male,47,New Representative
30,IBEZI IFEANYI ANTHONY,APGA,ANAMBRA,IDEMILI-NORTH/IDEMILI-SOUTH,Male,42,New Representative
31,IFEANYI CHUDY MOMAH,APGA,ANAMBRA,IHIALA,Male,35,New Representative
32,AYIKA VALENTINE OGBONNA,PDP,ANAMBRA,NJIKOKA/DUNUKOFIA/ANAOCHA,Male,53,New Representative
33,CHRIS EMEKA AZUBOGU,PDP,ANAMBRA,NNEWI-NORTH/NNEWI-SOUTH/EKWUSIGO,Male,49,Returning Representative
34,ONYEMA CHUKWUKA WILFRED,PDP,ANAMBRA,OGBARU,Male,48,Returning Representative
35,LYNDA CHUBA IKPEAZU,PDP,ANAMBRA,ONITSHA-NORTH/ONITSHA-SOUTH,Female,49,Returning Representative
36,EZENWANKWO OKWUDILI,APGA,ANAMBRA,ORUMBA-NORTH/ORUMBA-SOUTH,Male,42,New Representative
37,OFUMELU VINCENT EKENE,PDP,ANAMBRA,OYI/AYAMELUM,Male,41,New Representative
38,MOHAMMED MUSA PALI,APC,BAUCHI,ALKALERI/KIRFI,Male,48,New Representative
39,ABDULLAHI YAKUBU SHEHU,PRP,BAUCHI,BAUCHI,Male,43,New Representative
40,YAKUBU DOGARA,PDP,BAUCHI,BOGORO/DASS/TAFAWA BALEWA,Male,50,Returning Representative
41,MANU SORO MASUR,APC,BAUCHI,DARAZO/GANJUWA,Male,31,New Representative
42,GARBA GOLOLO MOHAMMED,APC,BAUCHI,GAMAWA,Male,43,Returning Representative
43,ABUBAKAR FAGGO KANI,APC,BAUCHI,SHIRA/GIADE,Male,53,New Representative
44,UBA BASHIR MASHEMA,APC,BAUCHI,JAMA'ARE/ITAS-GADAU,Male,54,New Representative
45,UMAR ABDULKADIR SARKI,PRP,BAUCHI,KATAGUM,Male,42,New Representative
46,MAKAMA MISAU IBRAHIM,APC,BAUCHI,MISAU/DAMBAM,Male,50,New Representative
47,ABDULKADIR SAAD ABDULLAHI,APC,BAUCHI,NINGI/WARJI,Male,40,New Representative
48,MUDA LAWAL UMAR,APC,BAUCHI,TORO,Male,32,New Representative
49,OMAR TATA,APC,BAUCHI,ZAKI,Male,55,Returning Representative
50,ISRAEL SUNNY GOLI,APC,BAYELSA,BRASS/NEMBE,Male,46,New Representative
51,AGBEDI FREDERICK YEITIEMONE,PDP,BAYELSA,EKEREMOR/SAGBAMA,Male,58,Returning Representative
52,STEPHEN SINIKIEM AZAIKI,PDP,BAYELSA,YENAGOA/KOLOKUMA-OPOKUMA,Male,58,New Representative
53,OBUA AZIBAPU FRED,PDP,BAYELSA,OGBIA,Male,58,New Representative
54,PREYE INFLUENCE GOODLUCK OSEKE,APC,BAYELSA,SOUTHERN-IJAW,Male,42,New Representative
55,FRANCIS OTTAH AGBO,PDP,BENUE,ADO/OGBADIGBO/OKPOKWU,Male,47,New Representative
56,GODDAY SAMUEL ODAGBOYI,LP,BENUE,APA/AGATU,Male,,New Representative
57,KPAM JIMIN SOKPO,PDP,BENUE,BURUKU,Male,,New Representative
58,JOHN DYEGH,APC,BENUE,GBOKO/TARKA,Male,,Returning Representative
59,MZONDU BENJAMIN BEM,PDP,BENUE,GUMA/MAKURDI,Male,41,New Representative
60,MARK TERSEER GBILLAH,PDP,BENUE,GWER-EAST/GWER-WEST,Male,,Returning Representative
61,IORKYAW RICHARD GBANDE,PDP,BENUE,KATSINAALA/UKUM/LOGO,Male,,New Representative
62,IORWASE HEMBE HERMAN C,APGA,BENUE,KONSHISHA/VANDEIKYA,Male,,Returning Representative
63,TYOUGH ROBERT AONDONA,PDP,BENUE,KWANDE/USHONGO,Male,,New Representative
64,,,BENUE,OJU/OBI,,,Declaration under duress
65,ONUH ONYECHE BLESSING,APGA,BENUE,OTUKPO/OHIMINI,Female,,New Representative
66,MALLAM BUKAR GANA,APC,BORNO,KUKAWA/MOBBAR/ABADAM/GUZAMALA,Male,,Returning Representative
67,HARUNA MSHELIA,APC,BORNO,ASKIRA-UBA/HAWUL,Male,,New Representative
68,ZAINAB GIMBA,APC,BORNO,BAMA/NGALA/KALABALGE,Female,,New Representative
69,MUKTAR BETARA ALIYU,APC,BORNO,BIU/KWAYA-KUSAR/SHANI/BAYO,Male,,Returning Representative
70,AHMADU USMAN JAHA,APC,BORNO,DAMBOA/GWOZACHIBOK,Male,,New Representative
71,IBRAHIM MOHAMMED BUKAR,APC,BORNO,DIKWA/MAFA/KONDUGA,Male,,New Representative
72,SATOMI ALHAJI AHMED,APC,BORNO,JERE,Male,,New Representative
73,USMAN ZANNAH,APC,BORNO,KAGA/GUBIO/MAGUMERI,Male,,New Representative
74,ABDULKADIR RAHIS,APC,BORNO,MAIDUGURIMETROPOLITAN,Male,,Returning Representative
75,MOHAMMED TAHIR MONGUNO,APC,BORNO,MONGUNO/NGANZAI/MARTE,Male,,Returning Representative
76,EGBONA ALEX,APC,CROSS RIVER,YAKURR/ABI,Male,57,New Representative
77,DANIEL EFFIONG ASUQUO,PDP,CROSS RIVER,AKAMKPA/BIASE,Male,56,Returning Representative
78,ESSIEN EKPENYONG AYI,PDP,CROSS RIVER,CALABAR-SOUTH/AKPABUYO/BAKASSI,Male,62,Returning Representative
79,OCHIGLEGOR IDAGBO,PDP,CROSS RIVER,OBANLIKU/OBUDU/BEKWARA,Male,47,Returning Representative
80,CHRISTOPHER NGORO AGIBE,PDP,CROSS RIVER,IKOM/BOKI,Male,57,Returning Representative
81,ETA MBORA EDIM,PDP,CROSS RIVER,CALABAR-MUNICIPAL/ODUKPANI,Male,56,Returning Representative
82,MICHAEL ETABA IROM,PDP,CROSS RIVER,OBUBRA/ETUNG,Male,36,Returning Representative
83,JARIGBE AGOM JARIGBE,PDP,CROSS RIVER,OGOJA/YALA,Male,47,Returning Representative
84,NDUDI GODWIN ELUMELU,PDP,DELTA,Aniocha-NORTH/Aniocha-SOUTH/Oshimili-NORTH/Oshimili-SOUTH,Male,53,New Representative
85,EBOMO NICHOLAS MUTU,PDP,DELTA,BOMADI/PATANI,Male,58,Returning Representative
86,JULIUS GBABOJOR PANDI,PDP,DELTA,BURUTU,Male,39,New Representative
87,BEN ROLAND IGBAKPA,PDP,DELTA,ETHIOPE-EAST/ETHIOPE-WEST,Male,52,Returning Representative
88,VICTOR ONYEMAECHI NWOKOLO,PDP,DELTA,IKA-NORTH-EAST/IKA-SOUTH,Male,54,Returning Representative
89,OGOR LEONARD OKUME,PDP,DELTA,ISOKO-NORTH/ISOKO-SOUTH,Male,59,Returning Representative
90,OSSAI NICHOLAS OSSAI,PDP,DELTA,NDOKWA-EAST/NDOKWA-WEST/UKWUANI,Male,55,Returning Representative
91,OBERUAKPEFE ANTHONY AFE,PDP,DELTA,OKPE/SAPELE/UVWIE,Male,51,New Representative
92,WAIVE EJIROGHENE FRANCIS,APC,DELTA,UGHELLI-NORTH/UGHELLI,Male,52,New Representative
93,THOMAS EREYITOMI,PDP,DELTA,WARRI-NORTH/WARRI-SOUTH/WARRI-SOUTH,Male,53,New Representative
94,SYLVESTER OGBAGA,PDP,EBONYI,ABAKALIKI/IZZI,Male,57,Returning Representative
95,IGARIWEY IDUMA ENWO,PDP,EBONYI,AFIKPO-NORTH/AFIKPO-SOUTH,Male,57,Returning Representative
96,CHUKWUMA ALUGBALA NWAZUNKU,PDP,EBONYI,EBONYI/OHAUKWU,Male,42,Returning Representative
97,ANAYO EDWIN NWONU,PDP,EBONYI,EZZA-NORTH/ISHIELU,Male,43,Returning Representative
98,OGBEE LAZARUS NWERU,PDP,EBONYI,EZZA-SOUTH/IKWO,Male,50,Returning Representative
99,MAKWE LIVINUS MAKWE,PDP,EBONYI,IVO/OHAOZARA/ONICHA,Male,55,New Representative
100,PETER O AKPATASON,APC,EDO,AKOKO EDO,Male,,New Representative
101,JUDE ISE-IDEHEN,PDP,EDO,EGOR/IKPOBAOKHA,Male,,New Representative
102,JOE EDIONWELE,PDP,EDO,ESAN-CENTRAL/ESAN-WEST/IGUEBEN,Male,58,New Representative
103,SERGIUS OSEASOCHIE OGUN,PDP,EDO,ESAN-NORTH-EAST/ESAN-SOUTH-EAST,Male,,Returning Representative
104,JOHNSON EGWAKHIDE OGHUMA,APC,EDO,ETSAKO-CENTRAL/ETSAKO-EAST/ETSAKO-WEST,Male,58,Returning Representative
105,OGBEIDE-IHAMA OMOREGIE,PDP,EDO,OREDO,Male,45,Returning Representative
106,PATRICK AISOWIEREN,APC,EDO,ORHIONMWON/UHUNMWODE,Male,46,Returning Representative
107,IDAHOSA DENIS,APC,EDO,OVIA-NORTH-EAST/OVIA-SOUTH-WEST,Male,38,New Representative
108,JULIUS IHONVBERE,APC,EDO,OWAN-EAST/OWAN-WEST,Male,62,New Representative
109,FATOBA OLUSOLA STEVE,APC,EKITI,ADO-EKITI/IREPODUN IFELODUN,Male,,New Representative
110,OGUNLOLA OMOWUMI OLUBUNMI,APC,EKITI,IJERO/-EKITI-WEST/EFON,Female,,New Representative
111,ADARAMODU ADEYEMI RAPHAEL,APC,EKITI,EKITI-SOUTH-WEST/IKERE/ISEORUN,Male,,New Representative
112,BAMISILE OLUFEMI RICHARD,APC,EKITI,GBONYIN/-EKITI-EAST/EMURE,Male,,New Representative
113,OLANREWAJU IBRAHIM KUNLE,APC,EKITI,IDO/OSI/MOBA/ILEJEMEJE,Male,,New Representative
114,PETER OWOLABI,APC,EKITI,IKOLE/OYE,Male,,New Representative
115,OKECHUKWU TOBY,PDP,ENUGU,ANINRI/AWGU/OJIRIVER,Male,56,Returning Representative
116,NNAJI PRINCE CORNELIUS NWAEDOZIE,PDP,ENUGU,ENUGU-EAST/ISI-UZO,Male,45,New Representative
117,CHUKWUEGBO OFOR GREGORY,PDP,ENUGU,ENUGU-NORTH/ENUGU-SOUTH,Male,47,New Representative
118,AMADI DENNIS OGUERINWA,PDP,ENUGU,EZEAGU/UDI,Male,50,Returning Representative
119,OKE MARTINS,PDP,ENUGU,IGBO-ETITI/UZO-UWANI,Male,59,New Representative
120,SIMON CHUKWUEMEKA ATIGWE,PDP,ENUGU,IGBO-EZE-NORTH/UDENU,Male,60,New Representative
121,NNAJI NNOLIM JOHN,PDP,ENUGU,NKANU-EAST/NKANU-WEST,Male,47,New Representative
122,ASADU PATRICK OZIOKOJA,PDP,ENUGU,NSUKKA/IGBO-EZE-SOUTH,Male,54,Returning Representative
359,JIBA YOHANNA MICAH,PDP,FCT,AMAC/BWARI,Male,49,New Representative
360,HASSAN SOKODABO USMAN,PDP,FCT,KUJE/ABAJI/GWAGWALADA/KWALI,Male,56,New Representative
123,USMAN BELLO KUMO,APC,GOMBE,AKKO,Male,,New Representative
124,MELA VICTOR,APC,GOMBE,BALANGA/BILLIRI,Male,45,New Representative
125,AISHATU JIBRIL DUKKU,APC,GOMBE,DUKKU/NAFADA,Female,54,Returning Representative
126,BAUCHI YAYA TANGO,APC,GOMBE,GOMBE/KWAMI/FUNAKAYE,Male,55,New Representative
127,KARU SIMON ELISHA,APC,GOMBE,KALTUNGO/SHONGOM,Male,40,New Representative
128,ABUBAKAR YUNUSA AHMAD,APC,GOMBE,YAMALTU/DEBA,Male,58,Returning Representative
129,BEDE UCHENNA EKE,PDP,IMO,ABO-MBAISE/NGOROKPALA,Male,46,Returning Representative
130,EMEKA MARTINS CHINEDU,PDP,IMO,AHIAZU-MBAISE/EZINIHITTE,Male,53,New Representative
131,NWAJIUBA CHUKWUEMEKA,ACCORD,IMO,EHIMEM BANO/IHITE-UBOMA/OBOWO,Male,46,*** MADE  
132,PASCHAL OBI,ACTIONALLIANCE,IMO,IDEATO-NORTH/IDEATO-SOUTH,Male,48,New Representative
133,NWAWUBA HENRY NDOCHUKWU,PDP,IMO,IKEDURU/MBAITOLI,Male,49,Returning Representative
134,ONWUBUARIRI OBINNA KINGSLEY,PDP,IMO,ISIALA MBANO/OKIGWE/ONUIMO,Male,40,New Representative
135,UGONNA OZURIGBO,APC,IMO,ISU/NJABA/NKWERE/NWANGELE,Male,40,New Representative
136,KINGSLEY C UJU,AA,IMO,OGUTA/OHAJI-EGBEMA/ORU-WEST,Male,40,New Representative
137,JERRY ALAGBAOSO,PDP,IMO,ORU-EAST/ORSU/ORLU,Male,65,Returning Representative
138,ELEZIEANYA IKENNA ONYECHERE,PDP,IMO,OWERRI-MUNICIPAL/OWERRI-NORTH/OWERRI-WEST,Male,49,New Representative
139,ADAMU MUHAMMADU FAGENGAWO,APC,JIGAWA,BABURA/GARKI,Male,68,Returning Representative
140,DAU ALIYU MAGAJI,APC,JIGAWA,BIRNIN KUDU/BUJI,Male,55,Returning Representative
141,FULATA ABUBAKAR HASSAN,APC,JIGAWA,BIRNIWA/GURI/KIRIKASAMA,Male,59,Returning Representative
142,ABDULLAHI IBRAHIM DUTSE,APC,JIGAWA,DUTSE/KIYAWA,Male,59,Returning Representative
143,SANI NAZIFI,APC,JIGAWA,GUMEL/SULE/MAIGATARI GAGARAWA/TANKARKAR,Male,38,New Representative
144,KILA HASSAN YUGUDA,APC,JIGAWA,GWARAM,Male,67,Returning Representative
145,KAZAURE MUHAMMAD GUDAJI,APC,JIGAWA,KAZAURE/RONI/GWIWA/YANKWASHI,Male,46,Returning Representative
146,IBRAHIM USMAN AUYO,APC,JIGAWA,HADEJIA/KAFINHAUSA/AUYO,Male,54,Returning Representative
147,YUSUF SAIDU MIGA,APC,JIGAWA,JAHUN/MIGA,Male,61,Returning Representative
148,ABUBAKAR MAKKI YALLEMAN,APC,JIGAWA,MALLAMMADORI/KAUGAMA,Male,49,New Representative
149,SANI ADO KIRI,APC,JIGAWA,RINGIM/TAURA,Male,60,New Representative
150,SHEHU BALARABE,APC,KADUNA,BIRNIN GWARI/GIWA,Male,51,New Representative
151,UMAR BARDE YAKUBU,PDP,KADUNA,CHIKUN/KAJURU,Male,50,Returning Representative
152,ZAYYAD IBRAHIM,APC,KADUNA,IGABI,Male,41,New Representative
153,HAMISU IBRAHIM,APC,KADUNA,IKARA/KUBAU,Male,43,New Representative
154,MAGAJI AMOS GWAMNA,PDP,KADUNA,JABA/ZANGONKATAF,Male,47,New Representative
155,GARBA SHEHU NICHOLAS,PDP,KADUNA,JEMA'A/SANGA,Male,58,Returning Representative
156,GABRIEL SALEH ZOCK,APC,KADUNA,KACHIA/KAGARKO,Male,32,New Representative
157,SULEIMAN SAMAILA,APC,KADUNA,KADUNA-NORTH,Male,37,Returning Representative
158,AHMED MUKTAR,APC,KADUNA,KADUNA-SOUTH,Male,51,New Representative
159,GWANI GIDEON LUCAS,PDP,KADUNA,KAURA,Male,54,Returning Representative
160,CHAWAI ZAKARI MUKHTAR,APC,KADUNA,KAURU,Male,40,New Representative
161,SULEIMAN ALIYU LERE,APC,KADUNA,LERE,Male,,New Representative
162,LADAN MUKHTAR SHEHU,APC,KADUNA,MAKARFI/KUDAN,Male,32,New Representative
163,MOHAMMAD GARBA DATT,APC,KADUNA,SABON GARI,Male,58,Returning Representative
164,HAMZA IBRAHIM,APC,KADUNA,SOBA,Male,44,New Representative
165,TAJUDEEN ABBAS,APC,KADUNA,ZARIA,Male,53,Returning Representative
166,GAYA ABDULLAHI MAHMUD,APC,KANO,ALABSU/GAYA/AJINGI,Male,55,Returning Representative
167,ABDULMUMIN JIBRIN,APC,KANO,BEBEJI/KIRU,Male,42,Returning Representative
168,ABUBAKAR KABIR ABUBAKAR,APC,KANO,BICHI,Male,37,New Representative
169,ABDALLAH BABANGIDA ALASAN,APC,KANO,DALA,Male,42,New Representative
170,AYUBA BADAMASI,APC,KANO,DAMBATTA/MAKODA,Male,53,Returning Representative
171,JOBE TIJJANI ABDULKADIR,APC,KANO,DAWAKIN TOFA/TOFA/RIMIN GADO,Male,48,New Representative
172,DAWAKI MUSTAPHA BALA,APC,KANO,DAWAKIN-KUDU/WARAWA,Male,50,Returning Representative
173,GARBA AL-HASSAN ADO,APC,KANO,DOGUWA/TUDUNWADA,Male,53,Returning Representative
174,SULEIMAN AMINU,APC,KANO,FAGGE,Male,53,Returning Representative
175,NASIRU ABDUWA,APC,KANO,GEZAWA/GABASAWA,Male,,New Representative
176,KEN-KEN LAWAN ABDULLAHI,APC,KANO,GWALE,Male,55,New Representative
177,GARO MUSA UMAR,APC,KANO,GWARZO/KABO,Male,56,New Representative
178,SHAABAN IBRAHIM SHARADA,APC,KANO,KANO-MUNICIPAL,Male,34,New Representative
179,DEDERI HARUNA ISA,APC,KANO,KARAYE/ROGO,Male,58,New Representative
180,DAN AGUNDI MUNIR BABBA,APC,KANO,KUMBOTSO,Male,56,Returning Representative
181,DRIS KABIRU,APC,KANO,KURA/MADOBI/GARUN MALLAM,Male,45,New Representative
182,NASS SANI MAARUF,APC,KANO,MINJI BIR/UNGOGO,Male,39,New Representative
183,AHMED NASSIR ALI,APC,KANO,NASSARAWA,Male,50,Returning Representative
184,RURUM KABIRU ALHASSAN USMAN,APC,KANO,RANO/BUNKURE/KIBIYA,Male,48,New Representative
185,BADAU YUSUF AHMAD,APC,KANO,SHANONO/BAGWAI,Male,57,New Representative
186,MOHAMMED SHAMSUDEEN BELLO,APC,KANO,SUMAILA/TAKAI,Male,50,New Representative
187,BAHIM MUHAMMAD HAFIZ KAWU,APC,KANO,TARAUNI,Male,34,New Representative
188,BALA SANI UMAR,APC,KANO,TSANYAWA/KUNCHI,Male,48,Returning Representative
189,ALI WUDIL MUHAMMAD,APC,KANO,WUDIL/GARKO,Male,58,Returning Representative
190,AMIRU TUKUR,APC,KATSINA,BAKORI/DANJA,Male,46,New Representative
191,HAMZA DALHATU BATAGARAWA,APC,KATSINA,BATAGARAWA/CHARANCHI/RIMI,Male,57,New Representative
192,AHMED DAYYABU SAFAN,APC,KATSINA,BATSARI/SAFANA/DANMUSA,Male,58,Returning Representative
193,AMINU ASHIRU MANI,APC,KATSINA,BINDAWA/MANI,Male,46,Returning Representative
194,FATUHU MUHAMMED,APC,KATSINA,DAURA/SANDAMU/MAI'ADUA,Male,40,New Representative
195,ABDULKADIR ARMAYAU,APC,KATSINA,DUTSIN-MA/KURFI,Male,44,New Representative
196,MURTALA ISAH KANKARA,APC,KATSINA,FASKARI/KANKARA/SABUWA,Male,43,Returning Representative
197,DANDUTSE MUNTARI MOHAMMED,APC,KATSINA,FUNTUA/DANDUME,Male,52,Returning Representative
198,ABUBAKAR YAHAYA KUSADA,APC,KATSINA,INGAWA/KANKIA/KUSADA,Male,39,New Representative
199,SADA SOLI,APC,KATSINA,JIBIA/KAITA,Male,56,New Representative
200,SALISU IRO ISANSI,APC,KATSINA,KATSINA,Male,42,New Representative
201,BABANGIDA IBRAHIM,APC,KATSINA,MALUMFASHI/KAFUR,Male,53,Returning Representative
202,MANSIR ALIYU MASHI,APC,KATSINA,MASHI/DUTSI,Male,42,New Representative
203,AHMED USMAN LIMAN,APC,KATSINA,MATAZU/MUSAWA,Male,56,New Representative
204,NASIRU SANI ZANGON DAURA,APC,KATSINA,ZANGO/BAURE,Male,50,Returning Representative
205,JEGA MUHAMMAD UMAR,APC,KEBBI,ALEIRO/GWANDU/JEGA,Male,50,Returning Representative
206,UMAR ABDULLAHI KAMBA,APC,KEBBI,AREWA/DANDI,Male,64,New Representative
207,BASHER ISAH,APC,KEBBI,ARGUNGU/AUGIE,Male,50,New Representative
208,BELLO A KAOJE,APC,KEBBI,BAGUDO/SURU,Male,46,New Representative
209,MUHAMMAD YAKUBU BELLO,APC,KEBBI,BUNZA/BIRNIN KEBBI/KALGO,Male,56,New Representative
210,TUKURA KABIR IBRAHIM,APC,KEBBI,FAKAI/SAKABA/WASAGU,Male,34,New Representative
211,MOHAMMED SHEHU,APC,KEBBI,KOKOBESSE/MAIYAMA,Male,40,New Representative
212,YUSUF TANKO SUNUNU,APC,KEBBI,NGASKI/SHANGA/YAURI,Male,51,New Representative
213,BELLO JOSEPH ASUKU,APC,KOGI,ADAVI/OKEHI,Male,30,New Representative
214,IDIRISU LAWAL MUHAMMADU,APC,KOGI,AJAOKUTA,Male,56,Returning Representative
215,YUSUF AHMED TIJANI,APC,KOGI,OKENE/OGORI–MAGOGO,Male,47,Returning Representative
216,ALI ABDULLAHI IBRAHIM,APC,KOGI,ANKPA/OMALA/OLAMABORO,Male,54,New Representative
217,ABDULLAHI HASSAN,APC,KOGI,BASSA/DEKINA,Male,47,New Representative
218,ZACHARIAS DAVID IDRIS,APC,KOGI,IDAH/IGALAMELAODULU/IBAJI/OFU,Male,46,New Representative
219,YUSUF TAJUDEEN AYO,PDP,KOGI,IJUMU/KABBABUNU,Male,50,Returning Representative
220,ISAH ABDULKAREEM USMAN,APC,KOGI,LOKOJA/KOGIK.K.,Male,58,New Representative
221,LEKE JOSEPH ABEJIDE,ADC,KOGI,YAGBA-EAST/YAGBA-WEST/MOPAMURO,Male,43,New Representative
222,MOHAMMED OMAR BIO,APC,KWARA,BARUTEN/KAIAMA,Male,54,New Representative
223,AHMED ABUBAKAR NDAKENE,APC,KWARA,EDU/PATIGI/MORO,Male,46,New Representative
224,OLAWUYI ABDULRAHEEM OLATUNJI,APC,KWARA,EKITI/ISIN/IREPODUN/OKE-ERO,Male,53,New Representative
225,TIJANI KAYODE ISMAI,APC,KWARA,IFELODUN/OFFA/OYUN,Male,57,New Representative
226,OLADODO ABDULGANIYU SAKA COOK,APC,KWARA,ILORIN-EAST/ILORIN-SOUTH,Male,57,New Representative
227,ALAJAGUSI ABDULYEKEEN SADIQ,APC,KWARA,ILORIN-WEST/ASA,Male,56,New Representative
228,OBANIKORO IBRAHIM BABAJIDE,APC,LAGOS,ETI-OSA,Male,37,New Representative
229,EGBERONGBE MUFUTAU ADEWALE,APC,LAGOS,APAPA,Male,52,New Representative
230,ENITAN DOLAPO BADRU,APC,LAGOS,LAGOS ISLAND I,Male,63,Returning Representative
231,AKIOLU MOSHOOD KAYODE,APC,LAGOS,LAGOS ISLAND II,Male,37,New Representative
232,JIMOH ABDULRAHEEM OLAJIDE,APC,LAGOS,LAGOS MAINLAND,Male,55,Returning Representative
233,FEMI GBAJABIAMILA,APC,LAGOS,SURULERE I,Male,56,Returning Representative
234,OLATUNJI ABIOLA SHOYINKA,PDP,LAGOS,SURULERE II,Male,56,Returning Representative
235,TASIR RAJI OLAWALE,APC,LAGOS,EPE,Male,62,Returning Representative
236,BALOGUN ADEBAYO OLUSEGUN,APC,LAGOS,IBEJU LEKKI,Male,50,New Representative
237,BENSON BABAJIMI ADEGOKE,APC,LAGOS,IKORODU,Male,46,Returning Representative
238,KUYE ADEMORIN ALIU,APC,LAGOS,SHOMOLU,Male,55,New Representative
239,AGUNSOYE OLUWAROTIMI OJO,APC,LAGOS,KOSOFE,Male,56,Returning Representative
240,ADEJARE SAMUEL BABATUNDE,APC,LAGOS,AGEGE,Male,57,New Representative
241,OWOLABI ADISA JAMES,APC,LAGOS,IFAKO-IJAIYE,Male,58,New Representative
242,OLUFEMI BANDELE ADEBANJO,APC,LAGOS,ALIMOSHO,Male,58,Returning Representative
243,HUMPE ADANDE BABATUNDE,APC,LAGOS,BADAGRY,Male,55,New Representative
244,JAMES ABIODUN FALEKE,APC,LAGOS,IKEJA,Male,58,Returning Representative
245,ALLI ADEYEMI TAOFEEK,APC,LAGOS,MUSHIN I,Male,54,New Representative
246,BOLAJI YUSUF AYINLA,APC,LAGOS,MUSHIN II,Male,59,Returning Representative
247,TAJUDEEN ADEKUNLE OBASA,PDP,LAGOS,OJO,Male,48,Returning Representative
248,AJOKPA OGHENE EMMANUEL EGOH,PDP,LAGOS,AMUWO-ODOFIN,Male,62,Returning Representative
249,KOLAWOLE TAIWO,APC,LAGOS,AJEROMI/IFELODUN,Male,57,New Representative
250,DAWODU BASHIRU AYINLA,APC,LAGOS,OSHODI/ISOLO I,Male,56,New Representative
251,GANIYU ABIODUN JOHNSON,APC,LAGOS,OSHODI/ISOLO II,Male,66,New Representative
252,ABDULKARIM USMAN,PDP,NASARAWA,AKWANGA/NASSARAWA EGGON/WAMBA,Male,47,New Representative
253,ABUBAKAR HASSAN NALARABA,APC,NASARAWA,AWE/DOMA/KEANA,Male,42,New Representative
254,GAZA JONATHAN GBEFWI,PDP,NASARAWA,KEFFI/KARU/KOKONA,Male,43,Returning Representative
255,ABUBAKAR SARKI DAHIRU,APC,NASARAWA,LAFIA/OBI,Male,49,Returning Representative
256,ABDULMUMIN MOHAMMED ARI,APC,NASARAWA,NASSARAWA/TOTO,Male,40,New Representative
257,MAMUDU ABDULLAHI,APC,NIGER,AGAIE/LAPAI,Male,56,New Representative
258,MOHAMMED JAFARU,APC,NIGER,AGWARA/BORGU,Male,46,New Representative
259,ABDULLAHI SAIDU MUSA,APC,NIGER,BIDA/GBAKO/KATCHA,Male,39,New Representative
260,BARWA SHEHU BEJI,APC,NIGER,BOOSO/PAIKORO,Male,58,New Representative
261,MOHAMMED UMARU BAGO,APC,NIGER,CHANCHAGA,Male,44,Returning Representative
262,ABUBAKAR ABDULLAHI LADO,APC,NIGER,GURARA/SULEJA/TAFA,Male,45,Returning Representative
263,ABDULLAHI I GARBA,APC,NIGER,KONTAGORA/WUSHISHI/MARIGA/MASHEGU,Male,43,New Representative
264,USMAN ABDULLAHI,APC,NIGER,LAVUN/MOKWA/EDATI,Male,33,New Representative
265,JAAFARU ILIYASU,APC,NIGER,MAGAMA/RIJAU,Male,,New Representative
266,UMAR SAIDU DOKA,APC,NIGER,SHIRORO/RAFI/MUNYA,Male,53,New Representative
267,OLUMIDE BABATUNDE OSOBA,APC,OGUN,ABEOKUTA-NORTH\OBAFEMI OWODE\ODEDA,Male,41,New Representative
268,EDUN OLANREWAJU OLADAPO,APC,OGUN,ABEOKUTA-SOUTH,Male,57,New Representative
269,OJUGBELE JIMOH OLUSOLA,APC,OGUN,ADO-ODO OTA,Male,56,New Representative
270,JIMOH OLAIFA AREMU,ADC,OGUN,EGBADO-NORTH/IMEKO-AFON,Male,59,Returning Representative
271,KOLAWOLE LAWAL,APM,OGUN,EGBADO-SOUTH/IPOKIA,Male,56,New Representative
272,IBRAHIM AYOKUNLE ISIAKA,APC,OGUN,IFO\EWEKORO,Male,52,Returning Representative
273,ADEKOYA ADESEGUN ABDUL- MAJEED,PDP,OGUN,IJEBU-NORTH/IJEBU-EAST/OGUN WATERSIDE,Male,57,Returning Representative
274,OSUNSANYA KOLAPO KOREDE,APC,OGUN,IJEBUODE/ODOGBOLU/IJEBU-NORTH-EAST,Male,55,New Representative
275,ONANUGA ADEWUNMI ORIYOMI,APC,OGUN,IKENNE/SHAGAMU/REMO-NORTH,Female,52,New Representative
276,OLUBUNMI TUNJI-OJO,APC,ONDO,AKOKO-NORTH-EAST/AKOKO-NORTH-WEST,Male,36,New Representative
277,ADEJORO ADEOGUN,APC,ONDO,AKOKO-SOUTH-EAST/AKOKO-SOUTH-WEST,Male,51,New Representative
278,OMOLAFE ISAAC ADEBAYO,PDP,ONDO,AKURE-NORTH/AKURE-SOUTH,Male,54,New Representative
279,AKINJO VICTOR KOLADE,PDP,ONDO,ESE-ODO/ILAJE,Male,56,Returning Representative
280,TAJUDEEN ADEYEMI ADEFISOYE,SDP,ONDO,IDANRE/IFEDORE,Male,34,New Representative
281,AKINFOLARIN MAYOWA SAMUEL,APC,ONDO,ILEOLUJI/OKEIGBO/ODIGBO,Male,57,Returning Representative
282,KENGBOLU GBOLUGA DELE,PDP,ONDO,IRELE/OKITIPUPA,Male,51,New Representative
283,PETER ABIOLA MAKINDE,ADC,ONDO,ONDO-EAST/ONDO-WEST,Male,45,New Representative
284,ADELEGBE OLUWATIMEHIN E,APC,ONDO,OWO/OSE,Male,56,New Representative
285,LAWRENCE BABATUNDE AYENI,APC,OSUN,ATAKUMOSA-EAST/ATAKUMOSA-WEST/ILESA-EAST/ILESA-WEST,Male,57,New Representative
286,TAIWO OLUKEMI OLUGA,APC,OSUN,AYEDA ADE/IREWOLE/ISOKAN,Female,43,New Representative
287,AMOBI YINUSA AKINTOLA,APC,OSUN,AYEDIRE/IWO/OLA-OLUWA,Male,57,New Representative
288,OLUFEMI FAKEYE,APC,OSUN,BOLUWADURO/IFEDAYO/ILA,Male,66,Returning Representative
289,SALAM BAMIDELE,PDP,OSUN,EDE-NORTH/EDE-SOUTH/EGBEDORE/EJIGBO,Male,49,New Representative
290,AJILESORO ABIMBOLA TAOFEEK,PDP,OSUN,IFE-CENTRAL/IFE-NORTH/IFE-SOUTH/IFE-EAST,Male,40,New Representative
291,OYEWO OLUBUKOLA OYEGBILE,APC,OSUN,IREPODUN/OROLU/OLORUNDA/OSOGBO,Male,56,New Representative
292,OKE OLUWOLE BUSAYO,PDP,OSUN,OBOKUN/ORIADE,Male,51,Returning Representative
293,AFOLABI RASHEED OLALEKAN,APC,OSUN,ODO-OTIN/IFELODUN/BORIPE,Male,57,New Representative
294,ADEYEMI AKEEM ADENIYI,APC,OYO,AFIJIO/OYO-EAST/OYO-WEST/ATIBA,Male,41,Returning Representative
295,AKINTOLA OLUOKUN GEORGE,APC,OYO,AKINYELE/LAGELU,Male,69,New Representative
296,AKINOLA ADEKUNLE ALABI,APC,OYO,EGBEDA/ONA-ARA,Male,41,New Representative
297,OLAIDE ADEWALE AKINREMI,APC,OYO,IBADAN-NORTH,Male,35,New Representative
298,ABASS ADIGUN ADEKUNLE,PDP,OYO,IBADAN-NORTH-EAST/IBADAN-SOUTH-EAST,Male,43,New Representative
299,OLAJIDE A STANLEY,PDP,OYO,IBADAN-SOUTH-WEST/IBADAN-NORTH-WEST,Male,41,New Representative
300,AJIBOLA SAUBANA MURAINA,PDP,OYO,IBARAPA-CENTRAL/IBARAPA-NORTH,Male,56,New Representative
301,OLUYEMI ADEWALE TAIWO,PDP,OYO,IBARAPA-EAST/IDO,Male,55,New Representative
302,OJERINDE OLUMIDE ABIODUN,APC,OYO,IREPO/ORELOPE/OLORUNSOGO,Male,35,New Representative
303,SHINA ABIOLA PELLER,APC,OYO,ISEYIN/ITESIWAJU/KAJOLA/IWAJOWA,Male,42,New Representative
304,AJAO JACOB ADEJUMO,ADP,OYO,OGBOMOSO-NORTH/OGBOMOSHO-SOUTH/,Male,67,New Representative
305,ODEBUNMI OLUSEGUN,APC,OYO,OGO-OLUWA/SURULERE,Male,67,Returning Representative
306,TOLULOPE TIWALOLA AKANDE-SADIPE,APC,OYO,OLUYOLE,Female,52,New Representative
307,OLATUBOSUN OLAJIDE BOLADALE,APC,OYO,SAKI-EAST/SAKI-WEST/ATISBO,Male,49,Returning Representative
308,SIMON DAVOU MWADKWON,PDP,PLATEAU,BARKINLADI/RIYOM,Male,50,New Representative
309,SOLOMON MAREN BULUS,PDP,PLATEAU,BOKKOS/MANGU,Male,48,Returning Representative
310,MAITALA HARUNA,APC,PLATEAU,JOS-NORTH/BASSA,Male,64,New Representative
311,DACHUNG MUSA BAGOS,PDP,PLATEAU,JOS-SOUTH/JOS-EAST,Male,41,New Representative
312,YUSUF ADAMU GAGDI,APC,PLATEAU,KANKE/PANKSHIN/KANAM,Male,38,New Representative
313,BENI BUTMAK LAR,PDP,PLATEAU,LANGTANG-NORTH/LANGTANG,Female,50,Returning Representative
314,LONGGAP KOMSOL ALPHONSUS,APC,PLATEAU,MIKANG/QUA-ANPAN/SHEDAM,Male,51,New Representative
315,AHMED IDRIS,APC,PLATEAU,WASE,Male,54,Returning Representative
316,SOLOMON BOB,PDP,RIVERS,ABUAODUAL/AHOADA-EAST,Male,48,New Representative
317,NNAM OBI PRINCE UCHECHUKU,PDP,RIVERS,AHOADA-WEST/OGBA EGBEMA NDONI,Male,42,Returning Representative
318,BOMA GOODHEAD,PDP,RIVERS,AKUKUTORU/ASARI TORU,Female,47,Returning Representative
319,AWAJI-INOMBEK ABIANTE DAGOMIE,PDP,RIVERS,ANDONI/OPOBO NKORO,Male,51,Returning Representative
320,DAGOGO DOCTOR FARAH,PDP,RIVERS,BONNY/DEGEMA,Male,35,New Representative
321,CHISOM PROMISE DIKE,PDP,RIVERS,ELEME/OYIGBO/TAI,Male,41,New Representative
322,EMERENGWA BONIFACE SUNDAY,PDP,RIVERS,EMOHUA/IKWERRE,Male,58,New Representative
323,EPHRAIM NWUZI,PDP,RIVERS,ETCHE/OMUMA,Male,53,New Representative
324,DUMNAMENE ROBISON DEKOR,PDP,RIVERS,GOKANA/KHANA,Male,50,Returning Representative
325,CHIDA KINGSLEY OGUNDU,PDP,RIVERS,OBIO AKPOR,Male,52,Returning Representative
326,GOGO BRIGHT TAMUNO,PDP,RIVERS,OKRIKA/OGUBOLO,Male,53,Returning Representative
327,KENNETH ANAYO CHIKERE,PDP,RIVERS,PORT HARCOURT I,Male,63,Returning Representative
328,IGWE CHINYERE EMMANUEL,PDP,RIVERS,PORT HARCOURT II,Male,53,New Representative
329,MANI MAISHINKO,PDP,SOKOTO,BINJI/SILAME,Male,50,New Representative
330,SHEHU ALIYU A,APC,SOKOTO,BODINGA/DANGE-SHUNI/TURETA,Male,55,Returning Representative
331,SARKIN ADAR MUSA,APC,SOKOTO,GORONYO/GADA,Male,53,Returning Representative
332,YUSUF ISAH KURDULA,APC,SOKOTO,TANGAZA/GUDU,Male,58,New Representative
333,BALARABE SALAME ABDULLAHI,APC,SOKOTO,ILLELA/GWADABAWA,Male,57,Returning Representative
334,MOHAMMED SAIDU BARGAJA,PDP,SOKOTO,ISA/SABON BIRNIN,Male,56,New Representative
335,KOKANI BALA,APC,SOKOTO,KEBBE/TAMBUWAL,Male,56,New Representative
336,AHMAD ABDULLAHI KALAMBAINA,APC,SOKOTO,KWARE/WAMAKKO,Male,50,New Representative
337,ALIYU IBRAHIM ALMUSTAPHA,APC,SOKOTO,WURNO/RABAH,Male,45,New Representative
338,UMARU ABUBAKAR YABO,APC,SOKOTO,YABO/SHAGARI,Male,47,New Representative
339,ABUBAKAR III HASSAN BALA,APC,SOKOTO,SOKOTO-NORTH/SOKOTO-SOUTH,Male,62,Returning Representative
340,DANLADI BAIDU TIJO,PDP,TARABA,KARIM LAMIDO LAU/ARDO-KOLA,Male,51,Returning Representative
341,ABDULSALAM GAMBO MUBURAK,APC,TARABA,BALI/GASSOL,Male,,New Representative
342,RIMAMNDE SHAWULU KWEWUM,PDP,TARABA,TAKUM/DONGA/USSA,Male,57,Returning Representative
343,DAVID FUOH ABEL,PDP,TARABA,SARDAUNA/KURMI/GASHAKA,Male,50,New Representative
344,USMAN DANJUMA SHIDDI,APGA,TARABA,IBI/WUKARI,Male,50,Returning Representative
345,KASIMU BELLO MAIGARI,APC,TARABA,JALINGO/YERRO/ZING,Male,,Returning Representative
346,ZAKARIYAU MOHAMMED GALADIMA,APC,YOBE,BADE/JAKUSKO,Male,58,Returning Representative
347,LAWAN SHETTIMA ALI,APC,YOBE,BURSARI/GEIDAM/YUNUSARI,Male,52,New Representative
348,KHADIJA BUKAR ABBA IBRAHIM,APC,YOBE,DAMATURU/GUJBA/GULANI/TARMUWA,Female,51,Returning Representative
349,ABUBAKAR YERIMA IDIRIS,APC,YOBE,FIKA/FUNE,Male,54,New Representative
350,TIJJANI ZANNAH ZAKARIYA,APC,YOBE,MACHINA/NGURU/YUSUFARI/KARASUWA,Male,52,New Representative
351,IBRAHIM UMAR POTISKUM,APC,YOBE,NANGERE/POTISKUM,Male,62,New Representative
352,KABIRU YAHAYA,PDP,ZAMFARA,ANKA/TALATA MAFARA,Male,41,New Representative
353,AHMED MUHAMMAD BAKURA,PDP,ZAMFARA,BAKURA/MARADUN,Male,63,New Representative
354,SHEHU AHMED,PDP,ZAMFARA,BUNGUDU/MARU,Male,54,New Representative
355,SULAIMAN ABUBAKAR GUMI,PDP,ZAMFARA,GUMMI/BUKKUYUM,Male,44,New Representative
356,KABIRU AMADU,PDP,ZAMFARA,GUSAU/TSAFE,Male,35,New Representative
357,UMAR SANI DAN-GALADIMA,PDP,ZAMFARA,KAURA-NAMODA/BIRNIN MAGAJI,Male,45,New Representative
358,BELLO HASSAN SHINKAFI,PDP,ZAMFARA,SHINKAFI/ZURMI,Male,49,New Representative
