S/N,STATE,GEOPOLITICAL ZONE,CONSTITUENCY,NAME OF CANDIDATE,PARTY,AGE,GENDER
1,BENUE,North Central,Konshisha I (Gaav),DYAKO CEPHAS TAUERSHIMA,ADC,27,MALE
2,BENUE,North Central,Katsina Ala East,AGBIDYEH JONATHAN AKUTE,APC,49,MALE
3,BENUE,North Central,Katsina Ala West,ORBAN JACOB TERUNGWA,APC,36,MALE
4,BENUE,North Central,Makurdi North I,KWAGH-KUDI THOMAS TERFA,APC,36,MALE
5,BENUE,North Central,Oju I,OGBU STEVE OTUMALA,APC,45,MALE
6,BENUE,North Central,Otukpo/Akpa (Otukpo I),ODEH JOHNSON BABA,APC,54,MALE
7,BENUE,North Central,Tarka,MNGUTYO BENJAMIN BEM,APC,57,MALE
8,BENUE,North Central,Ado,AGNES ULOKO,PDP,49,FEMALE
9,BENUE,North Central,Adoka/Ugboju (Otukpo II),MICHAEL AUDU,PDP,38,MALE
10,BENUE,North Central,Agatu,EDOH ABU GODWIN,PDP,55,MALE
11,BENUE,North Central,Apa,ABU UMARU JAMES,PDP,47,MALE
12,BENUE,North Central,Buruku,BUNDE IYONGO TORKUMA,PDP,38,MALE
13,BENUE,North Central,Gboko East,AGAIBE N.,PDP,49,FEMALE
14,BENUE,North Central,Gboko West,TERNA ACHIR,PDP,46,MALE
15,BENUE,North Central,Guma,WILLIAM MKANGE O.,PDP,50,MALE
16,BENUE,North Central,Gwer East,AGBATSE GEOFFRY,PDP,36,MALE
17,BENUE,North Central,Gwer West,CHEMETYOAPINE DAMIAN,PDP,36,MALE
18,BENUE,North Central,Kwande East,TERTSEA GBISEH,PDP,45,MALE
19,BENUE,North Central,Kwande West,SUGH ABANYI,PDP,58,MALE
20,BENUE,North Central,Logo,YAGBA VICTOR K.,PDP,42,MALE
21,BENUE,North Central,Makurdi South II,TERWASE AONDOAKAA,PDP,47,MALE
22,BENUE,North Central,Obi,ONCHE PETER,PDP,46,MALE
23,BENUE,North Central,Ogbadibo,PETER PATRICK ENEMARI,PDP,43,MALE
24,BENUE,North Central,Ohimini,CHRISTOPHER ADAJI,PDP,58,MALE
25,BENUE,North Central,Oju II,OKANGA JOSEPH OKPONYA,PDP,34,MALE
26,BENUE,North Central,Okpokwu,ANTHONY AGOM,PDP,42,MALE
27,BENUE,North Central,Ukum,THOMAS MLANGA,PDP,44,MALE
28,BENUE,North Central,Ushongo,ABASS IORWUESE AKOSO,PDP,43,MALE
29,BENUE,North Central,Vandeikya-Kyan II,UBA TITUS TYOAPINE,PDP,53,MALE
30,BENUE,North Central,Vandeikya-Tiev I,UCHA TERKAA D.,PDP,44,MALE
31,KOGI,North Central,Adavi,IBRAHIM USMAN,APC,45,MALE
32,KOGI,North Central,Ajaokuta,BELLO HASSAN ABDULLAHI,APC,37,MALE
33,KOGI,North Central,Ankpa I,AHMED MOHAMMED,APC,40,MALE
34,KOGI,North Central,Ankpa II,ALFA MOMOH RABIU,APC,41,MALE
35,KOGI,North Central,Bassa,DANIYA RANYI,APC,47,MALE
36,KOGI,North Central,Dekina/Biraidu (Dekina I),MOSES EDOKO ODODO,APC,49,MALE
37,KOGI,North Central,Ibaji,JOHN MONDAY UGADA ABAH,APC,57,MALE
38,KOGI,North Central,Idah,SULEIMAN ATTAJACHI MUSA,APC,60,MALE
39,KOGI,North Central,Igalamela/Odolu,ATABOR HENRY COSMAS,APC,42,MALE
40,KOGI,North Central,Ijumu,KILANI OLUSOLA OLUMO,APC,55,MALE
41,KOGI,North Central,Kabba/Bunu,KOLAWOLE OLUSHOLA MATTEW,APC,53,MALE
42,KOGI,North Central,Kogi (K.K),ABUBAKAR MUHAMMED TANKO,APC,43,MALE
43,KOGI,North Central,Lokoja I,UMAR ALHAJI ISA TANIMU,APC,56,MALE
44,KOGI,North Central,Lokoja II,NDAKO IDRIS MUHAMMED,APC,48,MALE
45,KOGI,North Central,Mopa-Muro,ADEMOLA BELLO,APC,41,MALE
46,KOGI,North Central,Ofu,AMODU SEIDU SHEHU,APC,41,MALE
47,KOGI,North Central,Ogori/Magongo,AKANDE OKE MOSES,APC,52,MALE
48,KOGI,North Central,Okehi,MUKTAR BAJEH,APC,38,MALE
49,KOGI,North Central,OKENE I (TOWN),MOHAMMED LAWI AHMED,APC,41,MALE
50,KOGI,North Central,Okene II (South),AHMED DAHIRU,APC,46,MALE
51,KOGI,North Central,Okura (Dekina II),ENEMA PAUL,APC,39,MALE
52,KOGI,North Central,Olamaboro,UJAH AZEWO ANTHONY,APC,36,MALE
53,KOGI,North Central,Omala,MUSA ATTAI HILARIONCOLLINS,APC,35,MALE
54,KOGI,North Central,Yagba East,MUSA JIMOH,APC,54,MALE
55,KOGI,North Central,Yagba West,ADERONKE ARO,APC,48,FEMALE
56,KWARA,North Central,Afon (Asa I),ALIYU WAHAB OPAKUNLE,APC,54,MALE
57,KWARA,North Central,Balogun/Ojumu (Offa I),POPOOLA SAHEED ADEKEYE,APC,47,MALE
58,KWARA,North Central,Edu,NDAMUSA MOHAMMED GUYEGI,APC,58,MALE
59,KWARA,North Central,Ekiti,ABOLARIN GANIYU GABRIEL,APC,42,MALE
60,KWARA,North Central,Gwanabe/Adena/Bann I (Kaiama I),AHMED SAIDU BABA,APC,45,MALE
61,KWARA,North Central,Ilesha/Gwanara (Baruten I),SALIHU YAKUBU DANLADI,APC,33,MALE
62,KWARA,North Central,Ilorin Central (Ilorin West I),MAGAJI ABUBAKAR OLAWOYIN,APC,52,MALE
63,KWARA,North Central,Ilorin East,JIMOH ALI YUSUF,APC,39,MALE
64,KWARA,North Central,Ilorin North West (Ilorin West II),ABDULGAFAR OLAYEMI AYINLA,APC,29,MALE
65,KWARA,North Central,Ilorin South,SULEIMAN SHEHU ABDUSSALAM,APC,51,MALE
66,KWARA,North Central,Irepodun,AWODIJI OMATAYO FELIX,APC,59,MALE
67,KWARA,North Central,Isin,AWOLOLA OLUMIDE AYOKUNLE,APC,46,MALE
68,KWARA,North Central,Kaiama/Wajibe/Kemanji (Kaiama II),ABDULLAHI HALIDU DAN BABA,APC,40,MALE
69,KWARA,North Central,Lanwa/Ejidongari (Moro I),BELLO JOHN OLANREWAJU,APC,58,MALE
70,KWARA,North Central,Odo-Ogun (Oyun I),YUSUF ATOYEBI MUSA,APC,42,MALE
71,KWARA,North Central,Oke-Ero,ADETIBA OLANREWAJU RAPHAEL O.,APC,42,MALE
72,KWARA,North Central,Oke-Ogun (Oyun II),OJO OLAYIWOLA OYEBODE,APC,43,MALE
73,KWARA,North Central,Okuta/Ayashkira (Baruten II),MOHAMMED BABA SALIHU,APC,47,MALE
74,KWARA,North Central,Oloru/Malete/Ipaiye (Moro II),BABATUNDE ABDULKAREEM PAKU,APC,52,MALE
75,KWARA,North Central,Omupo/Igbaja (Ifelodun I),OWOLABI OLATUNO R.,APC,42,MALE
76,KWARA,North Central,Onire/Owode (Asa II),AMABALI OLATUNJI IBRAHIM,APC,52,MALE
77,KWARA,North Central,Pategi,AHMED SAIDU RUFAI,APC,40,MALE
78,KWARA,North Central,Share/Oke-Ode (Ifelodun II),SALAHU FOLABI GANIYU,APC,56,MALE
79,KWARA,North Central,Shawo/Essa (Offa II),YUSUF ABDULWAHEED AYINDE GBENGA,APC,36,MALE
80,NASARAWA,North Central,Akwanga North,NEHEMIAH TSENTSE,APC,46,MALE
81,NASARAWA,North Central,Awe North,UMAR TANKO TUNGA,APC,55,MALE
82,NASARAWA,North Central,Awe South,YAKUBU SULEIMAN ABDULLAHI,APC,46,MALE
83,NASARAWA,North Central,Keana,MOHAMMED ADAMU OMADEFU,APC,42,MALE
84,NASARAWA,North Central,Keffi West,ALIYU ABRAHIM NANA,APC,41,MALE
85,NASARAWA,North Central,Lafia Central,ABDULLAHI DAHIRU ANGIBI,APC,35,MALE
86,NASARAWA,North Central,Lafia North,MOHAMMED IBRAHIM ALKALI,APC,53,MALE
87,NASARAWA,North Central,Nassarawa Central,ADAMU SULEIMAN IBRAHIM,APC,41,MALE
88,NASARAWA,North Central,Nassarawa Eggon East,MOHAMMED IBRAHIM AGA MULUKU,APC,58,MALE
89,NASARAWA,North Central,Nassarawa West (Loko/Udege),OKPOKU ODEGE MUHAMMAD,APC,46,MALE
90,NASARAWA,North Central,Toto/Gadabuke (Toto I),USMAN LABARAN SHAFA,APC,53,MALE
91,NASARAWA,North Central,Uke/Karshi (Karu II),MOHAMMED BELLO ISA,APC,38,MALE
92,NASARAWA,North Central,Umaisha/Dausa (Toto II),IBRAHIM BALARABE ADBULLAHI,APC,55,MALE
93,NASARAWA,North Central,Wamba,ALI DOGARA MOHAMMED,APC,53,MALE
94,NASARAWA,North Central,Akwanga South,JACOB S' TSEBE,PDP,44,MALE
95,NASARAWA,North Central,Doma South,JOHN OSEWU,PDP,54,MALE
96,NASARAWA,North Central,Karu/Gitata (Karu I),DAVID MAIYAKI,PDP,40,MALE
97,NASARAWA,North Central,Nassarawa Eggon West,ABEL YAKUBU BALA,PDP,52,MALE
98,NASARAWA,North Central,Obi I,IBRAHIM PETER AKWE,PDP,45,MALE
99,NASARAWA,North Central,Obi II,LUKA ILIYA ZHEKABA,PDP,47,MALE
100,NASARAWA,North Central,Keffi East,SULAIMAN ABDULAZIZ DANLADI,SDP,29,MALE
101,NASARAWA,North Central,Doma North,MUSA  SALIHU IYIMOGAH,ZLP,28,MALE
102,NIGER,North Central,Agwara,AHAMED ABDULLAHI A,APC,60,MALE
103,NIGER,North Central,Bida I,BAKO KASIM ALFA,APC,58,MALE
104,NIGER,North Central,Bida II,MOHAMMED ALHAJI HARUNA,APC,43,MALE
105,NIGER,North Central,Borgu,MOHAMMED ABBA BALA,APC,55,MALE
106,NIGER,North Central,Bosso,MADAKI MALIK BOSSO,APC,51,MALE
107,NIGER,North Central,Chanchaga,MARAFA AHMED GUNI,APC,48,MALE
108,NIGER,North Central,Edati,SALIHU MOHAMMED TAMA,APC,35,MALE
109,NIGER,North Central,Gbako,HUSSANI YABAGI AKOTE,APC,49,MALE
110,NIGER,North Central,Gurara,BINTA MAMMAN,APC,40,FEMALE
111,NIGER,North Central,Katcha,YABAGI UMAR,APC,46,MALE
112,NIGER,North Central,Kotangora I,BAKO PHALAL,APC,36,MALE
113,NIGER,North Central,Kotangora II,SALE IBRAHIM A,APC,34,MALE
114,NIGER,North Central,Lapai,MUSA IDRIS VATSA,APC,59,MALE
115,NIGER,North Central,Lavun,NDAGI JIBRIL BABA,APC,31,MALE
116,NIGER,North Central,Magama,MUSA SULEIMAN NASKO,APC,30,MALE
117,NIGER,North Central,Mariga,IBRAHIM ILYASU,APC,52,MALE
118,NIGER,North Central,Mashegu,ABUBAKAR UMAR,APC,30,MALE
119,NIGER,North Central,Mokwa,SHABA ABDULLAHI GBARA,APC,59,MALE
120,NIGER,North Central,Munya,JAGABA DANJUMA ANDREW,APC,47,MALE
121,NIGER,North Central,Paikoro,SULEIMAN GAMBO RABIU,APC,49,MALE
122,NIGER,North Central,Rafi,MAGANI ABDULLAHI G,APC,61,MALE
123,NIGER,North Central,Rijau,IBRAHIM ISAH DANDODO,APC,58,MALE
124,NIGER,North Central,Shiroro,ABDULLAHI AHMED BAWA,APC,48,MALE
125,NIGER,North Central,Suleja,MOHAMMED LIMAN IYA SHUABU,APC,58,MALE
126,NIGER,North Central,Tafa,ABDULLAHI BAWA,APC,51,MALE
127,NIGER,North Central,Wushishi,MOHAMMED BASHIR ABDULLAHI LOKOGOMA,APC,45,MALE
128,PLATEAU,North Central,Bokkos,AMURUDU ATELY USAINI,APC,40,MALE
129,PLATEAU,North Central,Jos East,ABOK NUHU AYUBA,APC,32,MALE
130,PLATEAU,North Central,Jos North I (NORTH),PETER AJANG AZI,APC,64,MALE
131,PLATEAU,North Central,Kanam I,SALEH SHEHU YIPMONG,APC,46,MALE
132,PLATEAU,North Central,Kanam II,ISMAILA HUDU BALA,APC,61,MALE
133,PLATEAU,North Central,Kanke,WALLOK PHILIP GOMA,APC,38,MALE
134,PLATEAU,North Central,Mangu North,ABDULL ADAMU YANGA,APC,47,MALE
135,PLATEAU,North Central,Mikang,NAANLONG GAPYIL DANIEL,APC,40,MALE
136,PLATEAU,North Central,Pankshin North,DASUN PHILIP PETER,APC,39,MALE
137,PLATEAU,North Central,Pankshin South,HENRY SOEMBIS LONGS,APC,52,MALE
138,PLATEAU,North Central,Qua'an Pan North,ERIC PIANGAT DAKOGOL,APC,47,MALE
139,PLATEAU,North Central,Qua'an Pan South,ABUBAKAR MOHAMMED N,APC,49,MALE
140,PLATEAU,North Central,Shendam,KWAPFUAN LIVINUS JAMES,APC,40,MALE
141,PLATEAU,North Central,Wase,YAHAYA ADAMU,APC,50,MALE
142,PLATEAU,North Central,Barkin Ladi,PETER IBRAHIM GYENDENG,PDP,50,MALE
143,PLATEAU,North Central,Jos North II (West),DUSU ESTHER SIMI,PDP,51,FEMALE
144,PLATEAU,North Central,Jos South,DALYOP GWOTTSON F,PDP,51,MALE
145,PLATEAU,North Central,Langtang Central  (Lantang North II),DANIEL NANBOL LISTICK,PDP,44,MALE
146,PLATEAU,North Central,Langtang North I,PIRFA JINGFA TYEM,PDP,37,MALE
147,PLATEAU,North Central,Langtang South (Mabudi),ZIMTIM SOCHANG,PDP,50,MALE
148,PLATEAU,North Central,Mangu South,BALA FWANGJE N,PDP,39,MALE
149,PLATEAU,North Central,Riyom,TIMOTHY DANTONG,PDP,45,MALE
150,PLATEAU,North Central,Rukuba/Irigwe (Bassa II),MUSA AGAH AVIA,PDP,44,MALE
151,ADAMAWA,North East,Ganye,ALHASSAN HAMMAN JODA,APC,36,MALE
152,ADAMAWA,North East,Girei,MOHAMMED MUTAWALLI ALHAJI,APC,49,MALE
153,ADAMAWA,North East,Koma/Leko (Jada I),ABDULLAHI AHMADU,APC,38,MALE
154,ADAMAWA,North East,Maiha,ISA YAHAYA,APC,53,MALE
155,ADAMAWA,North East,Mubi North,SHUAIBU MUSA,APC,46,MALE
156,ADAMAWA,North East,Mubi South,MUSA UMARU BORORO,APC,48,MALE
157,ADAMAWA,North East,Shelleng,ABUBAKAR ISAH,APC,43,MALE
158,ADAMAWA,North East,Toungo,ABDULLAHI UMAR,APC,43,MALE
159,ADAMAWA,North East,Yola South,KABIRU MIJINYAWA,APC,49,MALE
160,ADAMAWA,North East,Demsa,RAYMOND KATE M.,PDP,54,FEMALE
161,ADAMAWA,North East,Gombi,KEFAS JAPHET,PDP,53,MALE
162,ADAMAWA,North East,Guyuk,DINGLOK ADAWA,PDP,36,MALE
163,ADAMAWA,North East,Hong (Hong II),WESLEY BATHIYA,PDP,35,MALE
164,ADAMAWA,North East,Jada/Mbulo (Jada II),YUTTISURI H/TUKUR,PDP,53,MALE
165,ADAMAWA,North East,Lamurde,MYANDASA BAUNA,PDP,49,MALE
166,ADAMAWA,North East,Madagali,HARUNA JKANTIKIRI,PDP,46,MALE
167,ADAMAWA,North East,Michika,KWADA JOSEPH AYUBA,PDP,51,MALE
168,ADAMAWA,North East,Nassaraw/Binyeri (Mayobelwa I),NASHON UMAR G.,PDP,42,MALE
169,ADAMAWA,North East,Numan,MACKONDO PWAMWAKENO,PDP,46,MALE
170,ADAMAWA,North East,Song,ISA SIMON,PDP,47,MALE
171,ADAMAWA,North East,Uba/Gaya (Hong I),ABBAS AMINUIVA,PDP,45,MALE
172,BAUCHI,North East,Alkaleri I,YUSUF MOHAMMED BAKO,APC,48,MALE
173,BAUCHI,North East,Dambam,BABALLE ABUBAKAR DAMBAM,APC,52,MALE
174,BAUCHI,North East,Darazo I,KAWUWA SHEHU DAMINA,APC,56,MALE
175,BAUCHI,North East,Darazo II,SAIDU ABDU ISAH SADE,APC,55,MALE
176,BAUCHI,North East,Dass,MUSA MANTAI,APC,60,MALE
177,BAUCHI,North East,Gamawa I,BELLO SARKI JADORI,APC,53,MALE
178,BAUCHI,North East,Gamawa II,UMAR YAKUBU,APC,48,MALE
179,BAUCHI,North East,Ganjuwa East,GAZALI ABUBAKAR WUNTI,APC,46,MALE
180,BAUCHI,North East,Ganjuwa West,YUSUF INUWA DADIYE,APC,48,MALE
181,BAUCHI,North East,Giade,DAN UMMA BELLO,APC,54,MALE
182,BAUCHI,North East,Itas-Gadau,BALA RABILU,APC,44,MALE
183,BAUCHI,North East,Katagum II,ALI DAN'IYA,APC,45,MALE
184,BAUCHI,North East,Ningi I,ABUBAKAR SULEIMAN Y,APC,49,MALE
185,BAUCHI,North East,Ningi II,ADO WAKILI,APC,58,MALE
186,BAUCHI,North East,Shira I,BELLO MUAZU,APC,47,MALE
187,BAUCHI,North East,Shira II,SALE HODI JIBIR,APC,56,MALE
188,BAUCHI,North East,Warji,YUNUSA AHMED,APC,49,MALE
189,BAUCHI,North East,Bauchi I,UMARU DAHIRU JAMILU,NNPP,38,MALE
190,BAUCHI,North East,Alkaleri II,DAN BALA ABDULLAHI,PDP,45,MALE
191,BAUCHI,North East,Bauchi II,KAWULE DANLAMI AHMED,PDP,45,MALE
192,BAUCHI,North East,Bogoro,NAKWADA WAKILLI MUSA,PDP,50,MALE
193,BAUCHI,North East,Jama'are,MOHAMMED SALEH,PDP,53,MALE
194,BAUCHI,North East,Kirfi,DEWU ABDULKADIR UMAR,PDP,39,MALE
195,BAUCHI,North East,Misau I,BOBBO BAKOJI ALIYU,PDP,51,MALE
196,BAUCHI,North East,Misau II,MUHAMMED BABAYO,PDP,62,MALE
197,BAUCHI,North East,Tafawa Balewa,MUSA MOHAMMED LUMO,PDP,52,MALE
198,BORNO,North East,Abadam,JAMNA BONG,APC,41,MALE
199,BORNO,North East,Askiru/Uba,ABDULLAHI MUSA ASKIRA,APC,50,MALE
200,BORNO,North East,Bama I,BABAMALA BUKAR,APC,50,MALE
201,BORNO,North East,Bama II (Gulumba/Waloji),BABASHEHU MALLAM BABA,APC,43,MALE
202,BORNO,North East,Bayo,UMAR JAURO AUDI,APC,55,MALE
203,BORNO,North East,Biu,YAKUBU GAMBO KIMBO,APC,46,MALE
204,BORNO,North East,Chibok,AIMU FONI,APC,66,MALE
205,BORNO,North East,Damboa,MALAMI WAKIL,APC,58,MALE
206,BORNO,North East,Dikwa,MOHAMMED ZAKARIYA,APC,50,MALE
207,BORNO,North East,Gubio,GUBO MORUMA,APC,54,MALE
208,BORNO,North East,Guzamala,ABDULKARIM LAWAN,APC,55,MALE
209,BORNO,North East,Gwoza,ABDULLAHI BUBA ABATCHA,APC,42,MALE
210,BORNO,North East,Hawul,AYUBA STEPHEN WAKAWA,APC,40,MALE
211,BORNO,North East,Jere,AJIKOLO IBRAHIM KHADI,APC,49,MALE
212,BORNO,North East,Kaga,MUSTAPHA ALI BEMSHEIKH,APC,67,MALE
213,BORNO,North East,Kala Balge,DIGE MOHAMMED,APC,56,MALE
214,BORNO,North East,Konduga,ALI BULAMA YAJIWA,APC,60,MALE
215,BORNO,North East,Kukawa,HARUNA KUKAWA,APC,51,MALE
216,BORNO,North East,Kwaya Kusar,ABUBAKAR IBRAHIM BABALE,APC,40,MALE
217,BORNO,North East,Mafa,BABA ALI MODU,APC,46,MALE
218,BORNO,North East,Magumeri,AUDU MUSTAPHA,APC,45,MALE
219,BORNO,North East,Maiduguri M.C,ALI KOTOKO,APC,45,MALE
220,BORNO,North East,Marte,MOHAMMED GAMBOMI MARTE,APC,47,MALE
221,BORNO,North East,Mobbar,USMAN LAWAN MORUMA,APC,53,MALE
222,BORNO,North East,Monguno,MAINA MUSTAPHA GARBU,APC,54,MALE
223,BORNO,North East,Ngala,BUKAR MUSTAPHA DALATU,APC,64,MALE
224,BORNO,North East,Nganzai,WAKIL BUKAR LAWAN,APC,54,MALE
225,BORNO,North East,Shani,IBRAHIM MUSA INUWA,APC,36,MALE
226,GOMBE,North East,Akko Central,ABUBAKAR MOHAMMED,APC,34,MALE
227,GOMBE,North East,Akko North,YAHAYA MOHAMMED KAKA,APC,32,MALE
228,GOMBE,North East,Akko West,ABDULLAHI ABUBAKAR,APC,43,MALE
229,GOMBE,North East,Balanga North,BUBA MUSA,APC,31,MALE
230,GOMBE,North East,Balanga South,ADAMU HAMZA,APC,53,MALE
231,GOMBE,North East,Deba,MOHAMMED SAIDU,APC,36,MALE
232,GOMBE,North East,Dukku North,NASIRU ABDULKARIM,APC,35,MALE
233,GOMBE,North East,Dukku South,ADAMU UMAR A,APC,33,MALE
234,GOMBE,North East,Funakaye North,SADAM BELLO SALE,APC,28,MALE
235,GOMBE,North East,Funakaye South,BAPPAH USMAN JURARA,APC,64,MALE
236,GOMBE,North East,Gombe North,MANU ALIYU BABA,APC,40,MALE
237,GOMBE,North East,Gombe South,HASSAN MUSTAPHA USMAN,APC,32,MALE
238,GOMBE,North East,Kaltungo East,GAULE YARIMA LADAN,APC,50,MALE
239,GOMBE,North East,Kaltungo West,YAKUBU BASHIR BARAU,APC,33,MALE
240,GOMBE,North East,Kwami East,HARUNA SHUABU ADAMU,APC,48,MALE
241,GOMBE,North East,Kwami West,BUBA SIDDI,APC,50,MALE
242,GOMBE,North East,Pero Chonge (Shongom II),SAMUEL MARKUS,APC,35,MALE
243,GOMBE,North East,Yalmatu West (Yemaltu Deba III),ABUBAKAR SADIQ IBRAHIM,APC,50,MALE
244,GOMBE,North East,Yamaltu East  (Yemaltu Deba II),PATA ADAMU SALE,APC,59,MALE
245,GOMBE,North East,Billiri East,DANIEL RABI,PDP,56,FEMALE
246,GOMBE,North East,Billiri West,KARDI TULFUGUT M.,PDP,53,MALE
247,GOMBE,North East,Nafada North,AMADU ALHAJI A.,PDP,42,MALE
248,GOMBE,North East,Nafada South,ADAMU MUSA A.,PDP,60,MALE
249,GOMBE,North East,Shongom I,IGNATIUS ASMAU M.,PDP,40,FEMALE
250,TARABA,North East,Gassol II,SULAIMAN ABBAS,APC,46,MALE
251,TARABA,North East,Jalingo I,ABUBAKAR YAHUZA MAIDALAILU,APC,38,MALE
252,TARABA,North East,Jalingo II,TAFIDA NASIRU USMAN,APC,31,MALE
253,TARABA,North East,Karim Lamido II,ADAMU MOHAMMED,APC,44,MALE
254,TARABA,North East,Nguroje (Sardauna II),BASHIR MOHAMMED,APC,43,MALE
255,TARABA,North East,Ardo-Kola,BUKUNI DOMINIC NZINANG,PDP,65,MALE
256,TARABA,North East,Bali I,MAIKUDI GAMBO,PDP,50,MALE
257,TARABA,North East,Bali II,ABDULLAHI HAMMAN ADAMA BORKONO,PDP,48,MALE
258,TARABA,North East,Donga,YAHAYA DOUGLAS NDATSE,PDP,58,MALE
259,TARABA,North East,Gashaka,GAYAM MOHAMMED UMAR GALADIMA,PDP,50,MALE
260,TARABA,North East,Gassol I,KAURA ABBAS UMAR,PDP,51,MALE
261,TARABA,North East,Gembu (Sardauna I),AHMAD JEDUA DAWUD,PDP,48,MALE
262,TARABA,North East,Ibi,ABDULKARIM MOHAMMED,PDP,56,MALE
263,TARABA,North East,Karim Lamido I,MAIJANKAI CHARLES ABIHUDA,PDP,58,MALE
264,TARABA,North East,Kurmi,ENEME TAFARKI AGBADU,PDP,57,MALE
265,TARABA,North East,Lau,KUNINI JOSEPH ALBASU,PDP,50,MALE
266,TARABA,North East,Mbamnga (Sardauna III),DIAH PETER ABEL,PDP,47,MALE
267,TARABA,North East,Takum I,GARBA AJIYA SAMSON,PDP,60,MALE
268,TARABA,North East,Takum II,MARK BAKO USENI,PDP,,MALE
269,TARABA,North East,Ussa/Likam,ANDERIFUN TIMOTHY HABILA,PDP,51,MALE
270,TARABA,North East,Wukari I,SABO PIUS,PDP,50,MALE
271,TARABA,North East,Wukari II,AJI JOSIAH JOHN,PDP,53,MALE
272,TARABA,North East,Yorro,GWAMPO MOHAMMED D,PDP,54,MALE
273,TARABA,North East,Zing,BONZENA JOHN KIZITO,PDP,60,MALE
274,YOBE,North East,Bade East,MAIMOTA MOHAMMED KABIR,APC,46,MALE
275,YOBE,North East,Bade West,BIZI GAFO MAIZABU,APC,61,MALE
276,YOBE,North East,Bursari,JAWA MALA LAWAN,APC,70,MALE
277,YOBE,North East,Damagum (Fune I),BUBA CHIROMA ALHAJI,APC,50,MALE
278,YOBE,North East,Damaturu I,BAZAM MOHAMMED,APC,47,MALE
279,YOBE,North East,Damaturu II,IBRAHIM BUBA,APC,47,MALE
280,YOBE,North East,Fika Ngalda (Fika I),MALURI YAKUBU SULEIMAN,APC,52,MALE
281,YOBE,North East,Geidam North,MUSTAPHA ALHAJI BUKAR,APC,30,MALE
282,YOBE,North East,Geidam South,ALI MOHAMMED,APC,54,MALE
283,YOBE,North East,Goya Ngeji (Fika II),SANI ISHAKU AUDU,APC,42,MALE
284,YOBE,North East,Gujba,BUKAR BULAMA,APC,50,MALE
285,YOBE,North East,Gulani,BULARAFA BUNU ZANNA,APC,64,MALE
286,YOBE,North East,Jajere  (Fune II),GANA MAINA DIGMA,APC,56,MALE
287,YOBE,North East,Jakusko,DACHIA YA'U USMAN,APC,49,MALE
288,YOBE,North East,Karasuwa,DOGO ADAMU DALA,APC,56,MALE
289,YOBE,North East,Machina,MAINA KACHALLAH AJIYA,APC,49,MALE
290,YOBE,North East,Mamudo (Potiskum II),ISA MOHAMMED,APC,40,MALE
291,YOBE,North East,Nangere,LAWAN SAMINU MUSA,APC,38,MALE
292,YOBE,North East,Nguru II,MIRWA AHMED LAWAN,APC,49,MALE
293,YOBE,North East,Potiskum  (Potiskum I),BAZUWA ABDULLAHI ADAMU,APC,37,MALE
294,YOBE,North East,Tarmuwa,SALEH BUBA MAINA,APC,41,MALE
295,YOBE,North East,Yunusari,DUMBOL AHMED MUSA,APC,58,MALE
296,YOBE,North East,Yusufari,MOHAMMED HASSAN,APC,53,MALE
297,YOBE,North East,Nguru I,LAWAL INUWA SANI,PDP,32,MALE
298,JIGAWA,North West,Auyo,ISHAQ SANI,APC,61,MALE
299,JIGAWA,North West,Babura I,KABIRU ISAH,APC,44,MALE
300,JIGAWA,North West,Birnawa,KERIYA HASSAN,APC,62,MALE
301,JIGAWA,North West,Birnin Kudu,MUHAMMAD SIRAJ,APC,48,MALE
302,JIGAWA,North West,Buji,SALE BABA A,APC,39,MALE
303,JIGAWA,North West,Bulangu,YUSUF AHMED BULANGU,APC,66,MALE
304,JIGAWA,North West,Dutse,DUTSE SULE MUSA,APC,58,MALE
305,JIGAWA,North West,Fagam,SHUA'IBU INUWA,APC,57,MALE
306,JIGAWA,North West,Gagarawa,IBRAHIM HUSSAINI KADETA,APC,58,MALE
307,JIGAWA,North West,Garki,MOHAMMED LAWAN GARBA,APC,58,MALE
308,JIGAWA,North West,Gumel,SANI ISYAKU ABUBAKAR,APC,54,MALE
309,JIGAWA,North West,Guri,KADIRA SULAIMAN MUSA,APC,56,MALE
310,JIGAWA,North West,Gwaram I,ISAH IDRIS,APC,50,MALE
311,JIGAWA,North West,Gwiwa (Gwaram II),AMINU ZAKARI,APC,56,MALE
312,JIGAWA,North West,Hadejia,ABUBAKAR SADIQ MUHAMMAD,APC,37,MALE
313,JIGAWA,North West,Jahun,ALHAJI IDRIS GARBA,APC,50,MALE
314,JIGAWA,North West,Kafin Hausa I,ADAMU BARE B,APC,63,MALE
315,JIGAWA,North West,Kanya,USMAN HALADU ISAH KANYO,APC,46,MALE
316,JIGAWA,North West,Kaugama,SANI SALE,APC,52,MALE
317,JIGAWA,North West,Kazaure,BALA HAMZA GADA,APC,51,MALE
318,JIGAWA,North West,Kiri Kasamma,ALIYU AHMAD ALIYU,APC,35,MALE
319,JIGAWA,North West,Kiyawa,YAHAYA MUHAMMED,APC,39,MALE
320,JIGAWA,North West,Maigatari,MOHAMMAD HARU,APC,60,MALE
321,JIGAWA,North West,Malam Madori,KAIS ABDALLAH,APC,51,MALE
322,JIGAWA,North West,Miga,HARUNA ALIYU DANGYAYIN,APC,42,MALE
323,JIGAWA,North West,Ringim,AMINU SULE SANKARA,APC,59,MALE
324,JIGAWA,North West,Roni,HASSAN USMAN ALTO,APC,33,MALE
325,JIGAWA,North West,Sule Tankarkar,ABUBAKAR MOHAMMED SA'IDU,APC,50,MALE
326,JIGAWA,North West,Taura,DAYABU SHEHU,APC,56,MALE
327,JIGAWA,North West,Yankwashi,ABDULRAHAMAN ALKASIM KARKARNA,APC,48,MALE
328,KADUNA,North West,Birnin Gwari I,BALA UMAR,APC,50,MALE
329,KADUNA,North West,Birnin Gwari II,SALISU ISAH,APC,39,MALE
330,KADUNA,North West,Giwa East,YUSUF IBRAHIM,APC,39,MALE
331,KADUNA,North West,Giwa West,RILWANU AMINU,APC,39,MALE
332,KADUNA,North West,Igabi East,SALISU DANDADA BALA,APC,42,MALE
333,KADUNA,North West,Igabi West,YUSUF IBRAHIM ZAILANI,APC,46,MALE
334,KADUNA,North West,Ikara,ABDULWAHAB IDRIS,APC,55,MALE
335,KADUNA,North West,Kaduna North I,HARUNA M.A INUWA,APC,44,MALE
336,KADUNA,North West,Kaduna North II,HARUNA ALIYU A.,APC,45,MALE
337,KADUNA,North West,Kaduna South I,YUSUF DAHIRU LIMAN,APC,38,MALE
338,KADUNA,North West,Kaduna South II,ISMAIL IBRAHIM A.,APC,43,MALE
339,KADUNA,North West,Kaduna South III,AUWAL MOHAMMED YAHAYA,APC,41,MALE
340,KADUNA,North West,Kauru,ISAAC AUTA ZANKHAI,APC,50,MALE
341,KADUNA,North West,Kubau,SHEHU YUNUSA,APC,35,MALE
342,KADUNA,North West,Kudan,FAISAL ABBAS,APC,30,MALE
343,KADUNA,North West,Lere East,IDRIS ABUBAKAR ABDULLAHI,APC,58,MALE
344,KADUNA,North West,Lere West,BASHIR IDRIS GATARI,APC,46,MALE
345,KADUNA,North West,Maigana (Soba I),HASSAN ABDULKADIR,APC,38,MALE
346,KADUNA,North West,Makarfi,AMINU AHMAD,APC,61,MALE
347,KADUNA,North West,Sabon Gari I,AMINU ABDULLAHI SHAGALI,APC,38,MALE
348,KADUNA,North West,Sabon Gari II,MUKTARI ISA HAZO,APC,48,MALE
349,KADUNA,North West,Soba (Soba II),SAGIR ZUBAIRU,APC,46,MALE
350,KADUNA,North West,Zaria I,SULEIMAN IBRAHIM DABO,APC,40,MALE
351,KADUNA,North West,Zaria II,AHMED MUHAMMED,APC,51,MALE
352,KADUNA,North West,Chikun,CHAWAZA AYUBA ISHAK,PDP,46,MALE
353,KADUNA,North West,Jaba,DIKKO MONDAY SAMSON,PDP,38,MALE
354,KADUNA,North West,Jema'a,ALI KALAT,PDP,54,MALE
355,KADUNA,North West,Kachia,TANIMU MUSA,PDP,45,MALE
356,KADUNA,North West,Kagarko,MORONDIA TANKO,PDP,53,MALE
357,KADUNA,North West,Kajuru,UBANKATO TANKO SAMUEL,PDP,49,MALE
358,KADUNA,North West,Kaura,YUSUF MUGU,PDP,54,MALE
359,KADUNA,North West,Sanga,AMWE COMFORT,PDP,57,FEMALE
360,KADUNA,North West,Zangon Kataf I,DANLADI KWASU ANGULU,PDP,51,MALE
361,KADUNA,North West,Zangon Kataf II,KANTIOK EMMANUEL B,PDP,54,MALE
362,KANO,North West,Ajingi,ABDULAZEEZ GARBA GAFASA,APC,56,MALE
363,KANO,North West,Albasu,SUNUSI USMAN BATAIYA,APC,53,MALE
364,KANO,North West,Bichi,LAWAN SHEHU,APC,54,MALE
365,KANO,North West,Bunkure,MUHAMMAD UBA GURJIYA,APC,36,MALE
366,KANO,North West,Dambatta,MURTALA MUSA KORE,APC,57,MALE
367,KANO,North West,Dawakin Tofa,SALE AHMED MARKE,APC,55,MALE
368,KANO,North West,Doguwa,SALISU IBRAHIM MOHAMMED,APC,54,MALE
369,KANO,North West,Gabasawa,SALISU DANAZUMI MUHAMMAD,APC,64,MALE
370,KANO,North West,Garko,ABBA IBRAHIM GARKO,APC,55,MALE
371,KANO,North West,Gwarzo,YUNUSA HARUNA KAYYU,APC,61,MALE
372,KANO,North West,Kabo,AYUBA LABARAN ALASAN,APC,41,MALE
373,KANO,North West,Karaye,NASIRU ABDULLAHI,APC,37,MALE
374,KANO,North West,Kiru,KABIRU HASSAN,APC,42,MALE
375,KANO,North West,Kura/Garun Mallam,HAYATU MUSA DORAWAR SALLAU,APC,58,MALE
376,KANO,North West,Madobi,KABIRU YUSUF ISMAIL,APC,48,MALE
377,KANO,North West,Makoda,HAMISU IBRAHIM,APC,57,MALE
378,KANO,North West,Minjibir,TASIU IBRAHIM,APC,54,MALE
379,KANO,North West,Rano,NURADDEEN ALHASSAN AHMED,APC,33,MALE
380,KANO,North West,Rimi Gado/Tofa,MUHAMMAD BELLO BUTUBUTU,APC,52,MALE
381,KANO,North West,Shanono/Bagwai,ALI IBRAHIM ISA SHANONO,APC,63,MALE
382,KANO,North West,Sumaila,ZUBAIRU HAMZA MASSU,APC,50,MALE
383,KANO,North West,Takai,MUSA ALI KACHAKO,APC,48,MALE
384,KANO,North West,Tsanyawa/Kunchi,GARBA YAU GWARMAI,APC,48,MALE
385,KANO,North West,Tudun Wada,ABDULLAHI ILIYASU,APC,52,MALE
386,KANO,North West,Warawa,LABARAN ABDUL MADARI,APC,50,MALE
387,KANO,North West,Wudil,NUHU ABDULLAHI ACHIKA,APC,54,MALE
388,KANO,North West,Bebeji,ABUBAKAR UBA GALADIMA,PDP,53,MALE
389,KANO,North West,Dala,LAWAN HUSAINI,PDP,56,MALE
390,KANO,North West,Dawakin Kudu,MUAZU IBRAHIM ELYAKUB,PDP,38,MALE
391,KANO,North West,Fagge,TUKUR MOHAMMED,PDP,45,MALE
392,KANO,North West,Gezawa,ISYAK ALI DANJA,PDP,57,MALE
393,KANO,North West,Gwale,YUSUF BABANGIDA,PDP,42,MALE
394,KANO,North West,Kano Municipal,SALISU MAJE GWANGWAZO,PDP,54,MALE
395,KANO,North West,Kibiya,GARBA SHEHU FAMMAR,PDP,58,MALE
396,KANO,North West,Kumbotso,MUDASSIR IBRAHIM,PDP,30,MALE
397,KANO,North West,Nassarawa,UMAR MUSA GAMA,PDP,55,MALE
398,KANO,North West,Rogo,JIBRIN ISMAIL FALGORE,PDP,34,MALE
399,KANO,North West,Tarauni,LAWAN RABIU,PDP,48,MALE
400,KANO,North West,Ungogo,AMINU SAAD UNGOGO,PDP,55,MALE
401,KATSINA,North West,Bakori,ABDULRAZAK ISMAILA TSIGA,APC,67,MALE
402,KATSINA,North West,Batagarawa,TUKUR ILIYASU SHAGUMBA,APC,58,MALE
403,KATSINA,North West,Batsari,JABIRU YUSUF YAU-YAU,APC,46,MALE
404,KATSINA,North West,Baure,SANI LAWAL,APC,37,MALE
405,KATSINA,North West,Bindawa,UMAR ALI BINDAWA,APC,59,MALE
406,KATSINA,North West,Charanchi,LAWAL ISA KURAYA,APC,57,MALE
407,KATSINA,North West,Dan Musa,AMINU A GARBA,APC,48,MALE
408,KATSINA,North West,Dandume,HARUNA GOMA,APC,52,MALE
409,KATSINA,North West,Danja,SHAMSUDEEN ABUBAKAR DABAI,APC,39,MALE
410,KATSINA,North West,Daura,NASIR YAHAYA,APC,42,MALE
411,KATSINA,North West,Dutsi,HARUNA ALIYU YAMEL,APC,54,MALE
412,KATSINA,North West,Dutsin-Ma,MUHAMMADU ABUBAKAR HAMISU,APC,36,MALE
413,KATSINA,North West,Faskari,SHEHU DALHATU,APC,39,MALE
414,KATSINA,North West,Funtua,ABUBAKAR MOHAMMED TOTAL,APC,39,MALE
415,KATSINA,North West,Ingawa,ABUBAKAR SULEIMAN,APC,58,MALE
416,KATSINA,North West,Jibia,MUSTAPHA YUSUF,APC,39,MALE
417,KATSINA,North West,Kafur,GARBA HUSSAINI,APC,47,MALE
418,KATSINA,North West,Kaita,MUSA NUHU ABDULLAHI,APC,54,MALE
419,KATSINA,North West,Kankara,GARBA YA'U,APC,58,MALE
420,KATSINA,North West,Kankia,SALISU HAMZA RIMAYA,APC,43,MALE
421,KATSINA,North West,Katsina,ALIYU ABUBAKAR ALBABA,APC,52,MALE
422,KATSINA,North West,Kurfi,ZAHRADEEN USMAN SANI,APC,38,MALE
423,KATSINA,North West,Kusada,GHALI GARBA,APC,33,MALE
424,KATSINA,North West,Mai'adua,MUSTAPHA RABE MUSA,APC,38,MALE
425,KATSINA,North West,Malumfashi East,AMINU IBRAHIM,APC,43,MALE
426,KATSINA,North West,Mani,ALIYU SABIU IBRAHIM,APC,35,MALE
427,KATSINA,North West,Mashi,MUSTAPHA SANI BELLO,APC,25,MALE
428,KATSINA,North West,Matazu,IBRAHIM UMAR DIKKO,APC,57,MALE
429,KATSINA,North West,Musawa,LAWAL YARO H,APC,58,MALE
430,KATSINA,North West,Rimi,ABUBAKAR SULEIMAN ABUKUR,APC,46,MALE
431,KATSINA,North West,Sabuwa,MUSTAPHA ABDULLAHI,APC,56,MALE
432,KATSINA,North West,Safana,ABDULJALAL HARUNA RUNKA,APC,34,MALE
433,KATSINA,North West,Sandamu,SURAJO SANI,APC,47,MALE
434,KATSINA,North West,Zango,TASI'U MUSA MAIGARI,APC,52,MALE
435,KEBBI,North West,Aleiro,MUHAMMED BUHARI ALERU,APC,56,MALE
436,KEBBI,North West,Arewa,SAMAILA SALIHU,APC,60,MALE
437,KEBBI,North West,Argungu,NASIRU MUHAMMED,APC,47,MALE
438,KEBBI,North West,Augie,MUHAMMAD S. GARBA TIGGI,APC,55,MALE
439,KEBBI,North West,Bagudo East,MOHAMMED SAMAILA,APC,53,MALE
440,KEBBI,North West,Bagudo West,MOHAMMED ABUBAKAR LOLO,APC,50,MALE
441,KEBBI,North West,Birnin Kebbi North,HASSAN UMAR,APC,40,MALE
442,KEBBI,North West,Birnin Kebbi South,UMARU HASSAN AMBURSA,APC,58,MALE
443,KEBBI,North West,Bunza,AMINU MUHAMMED BUNZA,APC,39,MALE
444,KEBBI,North West,Dandi,ISMAILA ABDULMUMUNI KAMBA,APC,61,MALE
445,KEBBI,North West,Fakai,LAWAN HARUNA GELE,APC,56,MALE
446,KEBBI,North West,Gwandu,HABIBU LABBO,APC,33,MALE
447,KEBBI,North West,Jega,FARUKU ALIYU,APC,35,MALE
448,KEBBI,North West,Kalgo,AHMED BAWA KUKA,APC,60,MALE
449,KEBBI,North West,Koko/Besse,ABUBAKAR IMAM BESSE,APC,50,MALE
450,KEBBI,North West,Maiyama,UMARU SALAH SAMBAWA,APC,58,MALE
451,KEBBI,North West,Ngaski,ADAMU MUHAMMED BIRININ YAURI,APC,58,MALE
452,KEBBI,North West,Sakaba,SALISU MAIKASUWA DANGOJE,APC,45,MALE
453,KEBBI,North West,Shanga,MOHAMMED TUKUR,APC,55,MALE
454,KEBBI,North West,Suru,UMAR A. SURU,APC,45,MALE
455,KEBBI,North West,Wasagu/Danko East,HALIRU ALIYU,APC,42,MALE
456,KEBBI,North West,Wasagu/Danko West,ABDULLAHI DANJUMA,APC,59,MALE
457,KEBBI,North West,Yauri,SANI YUSUF RUKUBALO,APC,57,MALE
458,KEBBI,North West,Zuru,MOHAMMED USMAN,APC,48,MALE
459,SOKOTO,North West,Bodinga South,TUKUR BALA,APC,42,MALE
460,SOKOTO,North West,Dange Shuni,AMINU MAGAJI,APC,50,MALE
461,SOKOTO,North West,Gada East,KABIRU DAUDA,APC,31,MALE
462,SOKOTO,North West,Gada West,ABUBAKAR ALTINE KYADAWA,APC,64,MALE
463,SOKOTO,North West,Goronyo,FARUKU AMADU,APC,47,MALE
464,SOKOTO,North West,Gwadabawa North,MUHAMMED BELLO IDRIS,APC,37,MALE
465,SOKOTO,North West,Gwadabawa South,ABDULLAHI GARBA,APC,62,MALE
466,SOKOTO,North West,Illela,BELLO ISAH AMBARURA,APC,55,MALE
467,SOKOTO,North West,Kebbe,ISA HARISU KEBBE,APC,54,MALE
468,SOKOTO,North West,Rabah,ABDULLAHI ALHAJI ZAKARI,APC,48,MALE
469,SOKOTO,North West,Sabon Birni South,SAIDU N. IBRAHIM,APC,52,MALE
470,SOKOTO,North West,Shagari,ALHAJI MAIDAWA,APC,48,MALE
471,SOKOTO,North West,Sokoto South I,MUSTAPHA ABDULLAHI,APC,53,MALE
472,SOKOTO,North West,Wamakko,MURTALA BELLO MAIGONA,APC,43,MALE
473,SOKOTO,North West,Wurno,MOHAMMED AMINU ACHIDA,APC,40,MALE
474,SOKOTO,North West,Yabo,ABUBAKAR SHEHU YABO,APC,52,MALE
475,SOKOTO,North West,Binji,SAHABI UMARU,PDP,62,MALE
476,SOKOTO,North West,Bodinga North,MAGAJI ABUBAKAR,PDP,48,MALE
477,SOKOTO,North West,Gudu,BALLE FARUK MUSTAPHA,PDP,55,MALE
478,SOKOTO,North West,Isa,MODACHI HABIBU HALILU,PDP,55,MALE
479,SOKOTO,North West,Kware,ABDULLAHI MAHMUD,PDP,52,MALE
480,SOKOTO,North West,Sabon Birni North,ALMUSTAPHA AMINU,PDP,43,MALE
481,SOKOTO,North West,Silame,GANDE ATIKU LIMAN,PDP,56,MALE
482,SOKOTO,North West,Sokoto North I,HALIRU BUHARI,PDP,47,MALE
483,SOKOTO,North West,Sokoto North II,SARKI IBRAHIM ARZIKA,PDP,49,MALE
484,SOKOTO,North West,Sokoto South II,MOHAMMED MALAMI AHMED,PDP,45,MALE
485,SOKOTO,North West,Tambuwal East,SANYINNA MODE LADAN,PDP,55,MALE
486,SOKOTO,North West,Tambuwal West,ROMO SULE HANTSI,PDP,52,MALE
487,SOKOTO,North West,Tangaza,MIKO MUSA,PDP,52,MALE
488,SOKOTO,North West,Tureta,RANDA ABDULLAHI MUHAMMED,PDP,48,MALE
489,ZAMFARA,NORTH WEST,Gummi II,MANSUR MOHAMMED,PDP,24,MALE
490,ZAMFARA,NORTH WEST,Zurmi East,SALIHU USMAN ZURMI,PDP,56,MALE
491,ZAMFARA,NORTH WEST,Maru South,KABIRU HASHIMU,NRM,52,MALE
492,ZAMFARA,NORTH WEST,Anka,YUSUF MUHAMMAD,PDP,35,MALE
493,ZAMFARA,NORTH WEST,Maradun I,FARUK MUSA DOSARA,PDP,53,MALE
494,ZAMFARA,NORTH WEST,Gummi I,ABDULNASIR IBRAHIM,PDP,28,MALE
495,ZAMFARA,NORTH WEST,Bukkuyum South,SANI DAHIRU,PDP,42,MALE
496,ZAMFARA,NORTH WEST,Tsafe West,ALIYU NAMAIGORA,PDP,38,MALE
497,ZAMFARA,NORTH WEST,Bakura,TUKUR JEKADA B/TUDU,PDP,52,MALE
498,ZAMFARA,NORTH WEST,Bukkuyum North,IBRAHIM MOHAMMED NAIDDA,PDP,41,MALE
499,ZAMFARA,NORTH WEST,Kaura Namoda North,ZAHARADEEN M SADA,PDP,33,MALE
500,ZAMFARA,NORTH WEST,Birnin Magaji,NURA DAIHIRU,PDP,37,MALE
501,ZAMFARA,NORTH WEST,Zurmi West,NASIRU MUAZU,PDP,30,MALE
502,ZAMFARA,NORTH WEST,Bungudu West,NASIRU BELLO LAWAL,PDP,33,MALE
503,ZAMFARA,NORTH WEST,Maru North,YUSUF ALHASSAN MUH.,PDP,43,MALE
504,ZAMFARA,NORTH WEST,Talata-Mafara North,SHAMUDEEN HASSAN,PDP,28,MALE
505,ZAMFARA,NORTH WEST,Talata-Mafara South,AMINU YUSUF JANGEBE,PDP,38,MALE
506,ZAMFARA,NORTH WEST,Maradun II,NASIRU ATIKU,PDP,34,MALE
507,ZAMFARA,NORTH WEST,Shinkafi,MUHAMMAD G. AHMAD,PDP,51,MALE
508,ZAMFARA,NORTH WEST,Bungudu East,KABIRU MAGAJI,PDP,36,MALE
509,ZAMFARA,NORTH WEST,Kaura Namoda South,ANAS SARKIN FADA,PDP,31,MALE
510,ZAMFARA,NORTH WEST,Tsafe East,MUSA BAWA MUSA,PDP,50,MALE
511,ZAMFARA,NORTH WEST,Gusau West,SHAFIU DAMA,PDP,27,MALE
512,ZAMFARA,NORTH WEST,Gusau East,IBRAHIM MOHAMMED NAIDDA,PDP,64,MALE
513,ABIA,South East,Bende North,CHUKWU CHIJIOKE,APC,46,MALE
514,ABIA,South East,Isuikwuato,OKORAFOR EMEKA,APC,39,MALE
515,ABIA,South East,Aba Central,OSOGHO OBA ABRAHAM UKEFI,APGA,64,MALE
516,ABIA,South East,Aba South,ICHITA OBINNA MARTIN,APGA,37,MALE
517,ABIA,South East,Arochukwu,ONYEKWERE MICHEAL UKOHA,APGA,61,MALE
518,ABIA,South East,Aba North,UZODIKE AARON,PDP,53,MALE
519,ABIA,South East,Bende South,EMMANUEL C NDUBUISI,PDP,49,MALE
520,ABIA,South East,Ikwuano,STANLEY NWABUISI,PDP,40,MALE
521,ABIA,South East,Isiala Ngwa North,GINGER ONWUSIBE,PDP,46,MALE
522,ABIA,South East,Isiala Ngwa South,CHIKWENDU KALU,PDP,51,MALE
523,ABIA,South East,Obingwa East,SOLOMON AKPULONU,PDP,46,MALE
524,ABIA,South East,Obingwa West,THOMAS NKORO AC,PDP,57,MALE
525,ABIA,South East,Ohafia North,EGWURUONU OBASI,PDP,48,MALE
526,ABIA,South East,Ohafia South,IFEANYI FRANCIS UCHENDU,PDP,44,MALE
527,ABIA,South East,Osisioma North,KENNEDY NJOKU,PDP,41,MALE
528,ABIA,South East,Osisioma South,NNAMDI ALLEN,PDP,37,MALE
529,ABIA,South East,Ugwunaagbo,MUNACHI IKECHI ALOZIE,PDP,57,MALE
530,ABIA,South East,Ukwa East,PAUL TARIBO,PDP,59,MALE
531,ABIA,South East,Ukwa West,GODWIN ADIELE,PDP,59,MALE
532,ABIA,South East,Umuahia Central,CHINEDUM ORJI,PDP,47,MALE
533,ABIA,South East,Umuahia East,CHUKWUDI APUGO,PDP,43,MALE
534,ABIA,South East,Umuahia North,KELECHI ONUZURUIKE,PDP,46,MALE
535,ABIA,South East,Umuahia South,UZOSIKE JERRY,PDP,45,MALE
536,ABIA,South East,Umunneochi,OKEY IGWE,PDP,46,MALE
537,ANAMBRA,South East,Aguata I,UMEDUAGU DIKE NNAMDI (CATER),APGA,36,MALE
538,ANAMBRA,South East,Aguata II,OKECHUKWU ISAAC OKOYE,APGA,40,MALE
539,ANAMBRA,South East,Anambra East,EMENEKA OBINNA CHRISTOPHER,APGA,40,MALE
540,ANAMBRA,South East,Anambra West,UDOBA PATRICK OBALUM,APGA,50,MALE
541,ANAMBRA,South East,Anaocha II,OKECHUKWU EJIKE ALOY,APGA,42,MALE
542,ANAMBRA,South East,Awka North,NWOKOYE JOHN I,APGA,39,MALE
543,ANAMBRA,South East,Awka South I,DR. GODWIN NNAMDI OKAFOR,APGA,54,MALE
544,ANAMBRA,South East,Awka South II,OKOYE PIUS CHUKWUMA,APGA,33,MALE
545,ANAMBRA,South East,Ekwusigo,ENENDU AUSTIN EMENIKE,APGA,50,MALE
546,ANAMBRA,South East,Idemili North,CHIEKWU ARTHUR IFEANYI,APGA,45,MALE
547,ANAMBRA,South East,Idemili South,EZENWUNE FABIAN CHUKWUKA,APGA,52,MALE
548,ANAMBRA,South East,Ihiala II,AGBODIKE PASCHAL,APGA,38,MALE
549,ANAMBRA,South East,Njikoka I,HON. TIMOTHY IFEDIORANMA,APGA,58,MALE
550,ANAMBRA,South East,Njikoka II,HON. SIR PETER C.N. IBIDA,APGA,59,MALE
551,ANAMBRA,South East,Nnewi North,OKAFOR NONSO PETER,APGA,37,MALE
552,ANAMBRA,South East,Nnewi South I,SONNY FREDRICK OZOBIALU,APGA,52,MALE
553,ANAMBRA,South East,Onitsha North II,IBUZO EDWARD. O.,APGA,46,MALE
554,ANAMBRA,South East,Onitsha South II,BEVERLY IFEANYICHUKWU NKEMDICHE,APGA,,FEMALE
555,ANAMBRA,South East,Orumba North,MR EMEKA AFORKA,APGA,43,MALE
556,ANAMBRA,South East,Orumba South,NWAFOR EMMANUEL OBINNA,APGA,49,MALE
557,ANAMBRA,South East,Oyi,OBIMMA CHARLES CHINEDU,APGA,54,MALE
558,ANAMBRA,South East,Anaocha I,EJIOFOR EBELE,PDP,42,MALE
559,ANAMBRA,South East,Ogbaru II,SOMTOCHUKWU UDEZE,PDP,46,MALE
560,ANAMBRA,South East,Onitsha North I,DOUGLAS NWACHUKWU EGBUNA,PDP,52,MALE
561,EBONYI,South East,Abakaliki North,OKPO FRANCA C,PDP,51,FEMALE
562,EBONYI,South East,Abakaliki South,UNUNU JOSEPH OGODO,PDP,47,MALE
563,EBONYI,South East,Afikpo North East,EZIULOH NGOZI LILIAN,PDP,44,FEMALE
564,EBONYI,South East,Afikpo North West,IKORO OGBONNA KINGSLEY,PDP,44,MALE
565,EBONYI,South East,Afikpo South East,CHIDI EMEROLE EJEM,PDP,42,MALE
566,EBONYI,South East,Afikpo South West,NKEMKA OKORO ONUMA,PDP,59,MALE
567,EBONYI,South East,Ebonyi North East,BEJAMIN NWOGBAGA ALO EZEOMA,PDP,52,MALE
568,EBONYI,South East,Ebonyi North West,ALEKE VICTOR UMOKE,PDP,44,MALE
569,EBONYI,South East,Ezza North East,NWUHUO LINUS FRIDAY,PDP,42,MALE
570,EBONYI,South East,Ezza North West,CHUKWU VICTOR U,PDP,40,MALE
571,EBONYI,South East,Ezza South,USULOR CHRISTIAN,PDP,44,MALE
572,EBONYI,South East,Ikwo North,NWURUKU HUMPHREY,PDP,39,MALE
573,EBONYI,South East,Ikwo South,ODUNWA MOSES IJE,PDP,54,MALE
574,EBONYI,South East,Ishielu North,ALI OKECHUKWU KIZITO,PDP,43,MALE
575,EBONYI,South East,Ishielu South,CHUKWU ARINZE LUCAS,PDP,30,MALE
576,EBONYI,South East,Ivo,MAZI  OLIVER OSI,PDP,48,MALE
577,EBONYI,South East,Izzi East,NWEGEDE ANTHONY ONYIBE,PDP,51,MALE
578,EBONYI,South East,Izzi West,NWIFURU FRANCIS O.,PDP,43,MALE
579,EBONYI,South East,Ohaozara East,NWACHUKWU CHINWE LILIAN,PDP,42,FEMALE
580,EBONYI,South East,Ohaozara West,ONU NWONYE,PDP,52,MALE
581,EBONYI,South East,Ohaukwu North,AWO CHINEDU R,PDP,39,MALE
582,EBONYI,South East,Ohaukwu South,ONAH CHINEDU OGBA,PDP,36,MALE
583,EBONYI,South East,Onicha East,ODEFA OBASI ODEFA,PDP,52,MALE
584,EBONYI,South East,Onicha West,CHUKWUMA IGWE,PDP,50,MALE
585,ENUGU,South East,Aniniri,OKWU CHINEDU,PDP,36,MALE
586,ENUGU,South East,Awgu North,ENEH JANE,PDP,44,FEMALE
587,ENUGU,South East,Awgu South,OBASI JOHNSON CHUKWU,PDP,40,MALE
588,ENUGU,South East,Enugu East I,UBOSI EDWARD,PDP,47,MALE
589,ENUGU,South East,Enugu East II,UGWU HILLARY,PDP,51,MALE
590,ENUGU,South East,Enugu North,ONOH IBENAKU,PDP,31,MALE
591,ENUGU,South East,Enugu South I,NGENE SAM O,PDP,46,MALE
592,ENUGU,South East,Enugu South II,UGWU ONYINYE,PDP,35,FEMALE
593,ENUGU,South East,Ezeagu,OBIEZE CHIMA,PDP,37,MALE
594,ENUGU,South East,Igbo-Etiti East,EZENTA UGOCHUKWU EZEANI,PDP,36,MALE
595,ENUGU,South East,Igbo-Etiti West,AKADU JAMES O,PDP,40,MALE
596,ENUGU,South East,Igbo-Eze North I,UGWUANYI ETHEL O,PDP,43,FEMALE
597,ENUGU,South East,Igboeze North II,UGWU INNOCENT EMEKA,PDP,39,MALE
598,ENUGU,South East,Igboeze South,MADU EMEKA,PDP,58,MALE
599,ENUGU,South East,Isi-Uzo,UGWUEZE CHIJOKE,PDP,47,MALE
600,ENUGU,South East,Nkanu East,NNAJIOFFOR PAUL,PDP,48,MALE
601,ENUGU,South East,Nkanu West,ANIAGU ILOABUCHI D,PDP,40,MALE
602,ENUGU,South East,Nsukka East,NWAMBA CHRISTIAN,PDP,44,MALE
603,ENUGU,South East,Nsukka West,UGWUWERUA EMMA,PDP,54,MALE
604,ENUGU,South East,Oji River,MBAH GEOFFREY,PDP,51,MALE
605,ENUGU,South East,Udenu,EZEUGWU IKECHUKWU,PDP,52,MALE
606,ENUGU,South East,Udi North,UGWU UCHE,PDP,48,MALE
607,ENUGU,South East,Udi South,ENEH CHUKWUKA,PDP,46,MALE
608,ENUGU,South East,Uzo Uwani,OKIKA JOSEPHAT E,PDP,46,MALE
609,IMO,South East,Ehime Mbano,DURUJI LAWRENCE IFEANYI,AA,46,MALE
610,IMO,South East,Ideato North,EGWIM INNOCENT ARTHUR,AA,56,MALE
611,IMO,South East,Ideato South,DURU IHEONUKARA JOHNSON,AA,53,MALE
612,IMO,South East,Isu,OBIEFULE NGOZI SYLVIA,AA,51,FEMALE
613,IMO,South East,Njaba,ONWUDIWE JOVITA UJU OKEKE,AA,46,FEMALE
614,IMO,South East,Nkwerre,OKWARA PRINCE OBINNA,AA,42,MALE
615,IMO,South East,Obowo,IBEH KENNEDY CHIDOZIE,AA,42,MALE
616,IMO,South East,Ohaji/Egbema,CYRIACUS OKORO,AA,40,MALE
617,IMO,South East,Ihite/Uboma,NJOKU MICHEAL ONYEMAECHI,APGA,28,MALE
618,IMO,South East,Isiala Mbano,CHIJI CHIMEZIE COLLINS,APGA,61,MALE
619,IMO,South East,Nwangele,IWUANYANWU AMARACHI CHYNA,APGA,34,MALE
620,IMO,South East,Okigwe,OGBUNIKPA SAMUEL CHIDI,APGA,40,MALE
621,IMO,South East,Onuimo,PAUL EMEZIEM,APGA,56,MALE
622,IMO,South East,Orsu,EKENE FREDOLINE NNODUMELE,APGA,39,MALE
623,IMO,South East,Aboh Mbaise,OBINNA EDWARD IHEUKWUMERE,PDP,51,MALE
624,IMO,South East,Ahiazu Mbaise,OTUIBE SAMUEL N,PDP,35,MALE
625,IMO,South East,Ezinihitte,AYADIKE NWOSU,PDP,41,MALE
626,IMO,South East,Ikeduru,UCHE OGBUAGU S,PDP,46,MALE
627,IMO,South East,Mbaitoli,ONYEKANMA OKECHUKWU CHINEDU,PDP,43,MALE
628,IMO,South East,Ngor Okpala,OKEREKE TOCHI S,PDP,40,MALE
629,IMO,South East,Oguta,FRANK ONYEBUCHI UGBOMA,PDP,44,MALE
630,IMO,South East,Orlu,PASCHAL OKOLIE,PDP,52,MALE
631,IMO,South East,Oru East,NWANERI CHIGOZIE,PDP,41,MALE
632,IMO,South East,Oru West,DOMINIC EZERIOHA,PDP,37,MALE
633,IMO,South East,Owerri Municipal,ANUKAM SOLOMON,PDP,44,MALE
634,IMO,South East,Owerri North,PHILIP EJIOGU,PDP,32,MALE
635,IMO,South East,Owerri West,KANAYO ONYEMACHI,PDP,49,MALE
636,AKWA IBOM,South South,Abak,UDEME JAMES OTONG,PDP,57,MALE
637,AKWA IBOM,South South,Eket,DAVID LAWRENCE UDOFA,PDP,52,MALE
638,AKWA IBOM,South South,Esit Eket/Ibeno,USORO  SAMUEL  AKPANUSOH,PDP,47,MALE
639,AKWA IBOM,South South,Etim Ekpo/Ika,MFON FRANK IDUNG,PDP,53,MALE
640,AKWA IBOM,South South,Etinan,ANIEFIOK DENNIS AKPAN,PDP,54,MALE
641,AKWA IBOM,South South,Ibesikpo Asutan,ANIEKAN UKO,PDP,43,MALE
642,AKWA IBOM,South South,Ibiono Ibom,GODWIN JAMES EKPO,PDP,51,MALE
643,AKWA IBOM,South South,Ikono,ASUQUO NANA UDO,PDP,43,MALE
644,AKWA IBOM,South South,Ikot Abasi/ Eastern Obolo,ODUDOH A. UDUAK,PDP,43,MALE
645,AKWA IBOM,South South,Ikot Ekpene/ Obot Akara,IDONGESIT E. NTEKPERE,PDP,48,MALE
646,AKWA IBOM,South South,Ini,EMMANUEL EKPENYONG BASSEY,PDP,42,MALE
647,AKWA IBOM,South South,Itu,KUFREABASI EDIDEM,PDP,44,MALE
648,AKWA IBOM,South South,Mbo,OKON ASUKWO FRANK,PDP,31,MALE
649,AKWA IBOM,South South,Mkpat Enin,VICTOR PATRICK EKWERE,PDP,48,MALE
650,AKWA IBOM,South South,Nsit Atai,MARK UDO ESSET,PDP,44,MALE
651,AKWA IBOM,South South,Nsit Ibom,IFIOK OKON UDOH,PDP,52,MALE
652,AKWA IBOM,South South,Nsit Ubium,OTOBONG EFFIONG BOB,PDP,26,MALE
653,AKWA IBOM,South South,Okobo,PRINCESS  FELICIA BASSEY,PDP,56,FEMALE
654,AKWA IBOM,South South,Onna,NSE UDOFOT ESSIEN,PDP,48,MALE
655,AKWA IBOM,South South,Oron/Udung Uko,EFFIONG OKON BASSEY,PDP,49,MALE
656,AKWA IBOM,South South,Oruk Anam,UDO KERIAN AKPAN,PDP,55,MALE
657,AKWA IBOM,South South,Ukanafun,CHARITY FRIDAY IDO,PDP,45,FEMALE
658,AKWA IBOM,South South,Uruan,ANIEKAN ETIM BASSEY,PDP,40,MALE
659,AKWA IBOM,South South,Urue Offong/ Oruko,ASUQUO E ARCHIBONG,PDP,39,MALE
660,AKWA IBOM,South South,Uyo,ANIETIE BASSEY EKAH,PDP,43,MALE
661,BAYELSA,South South,Brass II,OMUBO AYONATIMINYO,APC,42,MALE
662,BAYELSA,South South,Ekeremor II,WILSON AYAKPO OHUYEGHA,APC,35,MALE
663,BAYELSA,South South,Nembe II,EDWARD IRIGHA,APC,45,MALE
664,BAYELSA,South South,Nembe III,DOUGLAS SAMSPON,APC,48,MALE
665,BAYELSA,South South,Brass III,INGOBERE ABRAHAM,PDP,45,MALE
666,BAYELSA,South South,Ekeremor I,PORRI TARE,PDP,37,MALE
667,BAYELSA,South South,Ekeremor III,OGBERE MICHAEL,PDP,48,MALE
668,BAYELSA,South South,Kolokuma/Opokuma I,ISENAH TONYE,PDP,46,MALE
669,BAYELSA,South South,Kolokuma/Opokuma II,FAFI WISDOM,PDP,42,MALE
670,BAYELSA,South South,Nembe I,OLOLO EBI BEN,PDP,42,MALE
671,BAYELSA,South South,Ogbia I,OBORDOR MITEMA,PDP,47,MALE
672,BAYELSA,South South,Ogbia II,MUNALAYEFA GIBSON,PDP,38,MALE
673,BAYELSA,South South,Ogbia III,OGOLI NAOMI,PDP,54,FEMALE
674,BAYELSA,South South,Sagbama I,ONYINKE GODBLESS,PDP,31,MALE
675,BAYELSA,South South,Sagbama II,KENEBAI BERNARD,PDP,58,MALE
676,BAYELSA,South South,Sagbama III,ADIKUMO SALO,PDP,65,MALE
677,BAYELSA,South South,Southern Ijaw I,AYAH BONNY,PDP,43,MALE
678,BAYELSA,South South,Southern Ijaw II,OBOLO BUBOU,PDP,48,MALE
679,BAYELSA,South South,Southern Ijaw IV,IGBADIWE MACDONALD,PDP,51,MALE
680,BAYELSA,South South,Yenagoa I,OFORJI OBOKU,PDP,41,MALE
681,BAYELSA,South South,Yenagoa II,KOKU OBIYAI,PDP,51,FEMALE
682,BAYELSA,South South,Yenagoa III,ELEMEFURO TEDDY,PDP,51,MALE
683,CROSS RIVER,South South,Abi,DAVIES ETTA,PDP,34,MALE
684,CROSS RIVER,South South,Akamkpa I,MATHEW OLORY,PDP,56,MALE
685,CROSS RIVER,South South,Akamkpa II,CHARLES EKPE,PDP,45,MALE
686,CROSS RIVER,South South,Akpabuyo,ELIZABETH EDEM IRONBAR,PDP,63,FEMALE
687,CROSS RIVER,South South,Bakassi,EKPO EKPO BASSEY,PDP,51,MALE
688,CROSS RIVER,South South,Bekwara,EDWARD AJANG,PDP,39,MALE
689,CROSS RIVER,South South,Biase,OGBOR OGBOR UDOP,PDP,50,MALE
690,CROSS RIVER,South South,Boki I,ITAM V. ABANG,PDP,50,FEMALE
691,CROSS RIVER,South South,Boki II,HILLARY E. BISONG,PDP,38,MALE
692,CROSS RIVER,South South,Calabar Municipal,EFA N ESUA,PDP,55,MALE
693,CROSS RIVER,South South,Calabar South I,OKON EDEM EPHRAIM,PDP,48,MALE
694,CROSS RIVER,South South,Calabar South II,JOSEPH ARCHIBONG BASSEY,PDP,44,MALE
695,CROSS RIVER,South South,Etung,CHRIS NJAH MBU-OGAR,PDP,42,FEMALE
696,CROSS RIVER,South South,Ikom I,FREDERICK OSIM,PDP,58,MALE
697,CROSS RIVER,South South,Ikom II,ELVERT AYAMBEM EKOM,PDP,40,MALE
698,CROSS RIVER,South South,Obanliku,SUNDAY ACHUNEKANG,PDP,54,MALE
699,CROSS RIVER,South South,Obubra I,OKPECHI  FRIDAY G.,PDP,46,MALE
700,CROSS RIVER,South South,Obubra II,FRANCIS SAMPSON O.,PDP,43,MALE
701,CROSS RIVER,South South,Obudu,AKWAJI E. GODWIN,PDP,49,MALE
702,CROSS RIVER,South South,Odukpani,BASSEY ASUQUO FRANCIS,PDP,42,MALE
703,CROSS RIVER,South South,Ogoja,ODEY PETER AGBE,PDP,44,MALE
704,CROSS RIVER,South South,Yakurr I,OFEM E. NELSON,PDP,55,MALE
705,CROSS RIVER,South South,Yakurr II,ETENG JONAH WILLIAMS,PDP,47,MALE
706,CROSS RIVER,South South,Yala Cross I,REGINA ANYOGO,PDP,40,FEMALE
707,CROSS RIVER,South South,Yala Cross II,NKASI E. CYNTHIA,PDP,36,FEMALE
708,DELTA,South South,Ughelli North I,ONIYERE CHARLES WHOMROUHO,APC,58,MALE
709,DELTA,South South,Ughelli North II,EGBO JARO MOVUDU,APC,49,MALE
710,DELTA,South South,Aniocha North,EMEKA NWAOBI,PDP,43,MALE
711,DELTA,South South,Aniocha South,CHIKEZIE CHIKA A,PDP,59,MALE
712,DELTA,South South,Bomadi,PREYOR OBORO,PDP,55,MALE
713,DELTA,South South,Burutu I,ASUPA PETER FORTETA,PDP,58,MALE
714,DELTA,South South,Burutu North II,PULLAH EKPOTUAYEKIN,PDP,49,MALE
715,DELTA,South South,Ethiope West,IBORI ERHIATAKE,PDP,38,MALE
716,DELTA,South South,Ika North East,ANTHONY ELEKE-OKWURI,PDP,48,MALE
717,DELTA,South South,Ika South,OKOH FESTUS,PDP,47,MALE
718,DELTA,South South,Isoko North,TIM OWHEFERE,PDP,55,MALE
719,DELTA,South South,Isoko South I,FERGUSON ONWU,PDP,52,MALE
720,DELTA,South South,Isoko South II,KENNETH ODAF OGBA,PDP,51,MALE
721,DELTA,South South,Ndokwa East,FRIDAY OSANEBI,PDP,38,MALE
722,DELTA,South South,Ndokwa West,CHARLES EMETULU,PDP,51,MALE
723,DELTA,South South,Okpe,SHERIFF OBOREWORI,PDP,55,MALE
724,DELTA,South South,Oshimili North,PRINCESS AJIDUA P.,PDP,56,FEMALE
725,DELTA,South South,Oshimili South,SHEDRACK RAPU,PDP,49,MALE
726,DELTA,South South,Patani,EMMANUEL A. SINEBE,PDP,36,MALE
727,DELTA,South South,Sapele,FELIX U. ANIRAH,PDP,64,MALE
728,DELTA,South South,Udu,PETER OKAGBARE U.,PDP,53,MALE
729,DELTA,South South,Ughelli South,IZEZE RUEBEN,PDP,45,MALE
730,DELTA,South South,Ukwuani,OCHOR CHRISTOPHER,PDP,56,MALE
731,DELTA,South South,Uvwie,SOLOMON IGHRAKPATA,PDP,57,MALE
732,DELTA,South South,Warri North,ALFRED O. MARTINS,PDP,43,MALE
733,DELTA,South South,Warri South I,AUSTIN UROYE,PDP,55,MALE
734,DELTA,South South,Warri South II,MATHEW P. OPUORU,PDP,58,MALE
735,DELTA,South South,Warri South West,GUWOR EMOMOTIMI DENNIS,PDP,39,MALE
736,EDO,South South,Akoko-Edo I,IDAIYE YEKINI OISAYEMOYE,APC,46,MALE
737,EDO,South South,Akoko-Edo II,EMMANUEL OMOLADUN AGBAJE,APC,50,MALE
738,EDO,South South,Egor,CROSBY OSADOLOR ERIBO,APC,58,MALE
739,EDO,South South,Esan Central,EDOROR VICTOR SABOR,APC,48,MALE
740,EDO,South South,Esan North East I,FRANCIS ABUMERE OMOLUIMHEN OKIYE,APC,54,MALE
741,EDO,South South,Esan North East II,OKODUWA EMMA EWAH,APC,53,MALE
742,EDO,South South,Esan South East,OJIEZELE OSEZUA SUNDAY,APC,43,MALE
743,EDO,South South,Esan West,MARCUS IZIEGBEAYA ONOBUN,APC,34,MALE
744,EDO,South South,Etsako Central,OSHOMAH AHMED,APC,39,MALE
745,EDO,South South,Etsako East,KINGSLEY UGABI,APC,44,MALE
746,EDO,South South,Etsako West I,ABDULGANIYU AUDU,APC,49,MALE
747,EDO,South South,Etsako West II,SEID ALIYU OSHIOMHOLE,APC,42,MALE
748,EDO,South South,Igueben,ALUEBHOSELE EPHRAIM OTAIGBE SELE,APC,50,MALE
749,EDO,South South,Ikpoba-Okha,HENRY OSAMUEDE ULAME OKHUAROBO,APC,50,MALE
750,EDO,South South,Oredo East,OSARO OBAZEE,APC,48,MALE
751,EDO,South South,Oredo West,OKAGBEN EWERE CHRISTOPHER,APC,46,MALE
752,EDO,South South,Orhionmwon I,NOSAYABA OKUNBOR,APC,49,MALE
753,EDO,South South,Orhionmwon II,ASORO OSADEBAMWEN ROLAND,APC,44,MALE
754,EDO,South South,Ovia North East I,DUMEZ ONAIWU UGIAGBE,APC,44,MALE
755,EDO,South South,Ovia North East II,VINCENT OSAS UWADIAE,APC,53,MALE
756,EDO,South South,Ovia South West,SUNDAY AGHEDO,APC,55,MALE
757,EDO,South South,Owan East,ERIC ALLISON AFEIKHE OKAKA,APC,48,MALE
758,EDO,South South,Owan West,MICHAEL IMORHIN OHIO-EZOMO,APC,52,MALE
759,EDO,South South,Uhunmwode,OSIFO OSA WASHINGTON,APC,45,MALE
760,RIVERS,South South,Abua/Odual,SOKOLO SOLOMON,PDP,44,MALE
761,RIVERS,South South,Ahoada East I,EZU RIZZY C.H,PDP,46,MALE
762,RIVERS,South South,Ahoada East II,EHIE OGERENYE EDISON,PDP,34,MALE
763,RIVERS,South South,Ahoada West,AKPOKIRI WUANAKA,PDP,41,MALE
764,RIVERS,South South,Akuku-Toru I,MAJOR JACK M,PDP,44,MALE
765,RIVERS,South South,Akuku-Toru II,OPUENDE LOLO ISAIAH,PDP,39,MALE
766,RIVERS,South South,Andoni,OWAJI IBANI,PDP,51,MALE
767,RIVERS,South South,Asari-Toru II,ENEMI GEORGE A,PDP,37,MALE
768,RIVERS,South South,Bonny,ABINYE BLESSING PEPPLE,PDP,41,MALE
769,RIVERS,South South,Degema,ANTHONY SOBEREKON,PDP,47,MALE
770,RIVERS,South South,Eleme,IGWE OBEY AFORJI,PDP,39,MALE
771,RIVERS,South South,Emohua,SAMUEL OGEH,PDP,50,MALE
772,RIVERS,South South,Etche I,OPURUM IROANYA,PDP,41,MALE
773,RIVERS,South South,Etche II,TONYE EJIOGU U,PDP,46,MALE
774,RIVERS,South South,Gokana,DUNLE MAOL,PDP,38,MALE
775,RIVERS,South South,Ikwerre,ANSLEM OGUGUO NDUBUISI,PDP,48,MALE
776,RIVERS,South South,Khana I,BARIENE DEEYAH,PDP,54,MALE
777,RIVERS,South South,Khana II,PRINCE NGBOR,PDP,48,MALE
778,RIVERS,South South,Obio/Akpor I,MARTIN AMAEWHULE C,PDP,45,MALE
779,RIVERS,South South,Obio/Akpor II,CHINDA M O,PDP,58,MALE
780,RIVERS,South South,Ogu/Bolo,EVANS BIRI,PDP,48,MALE
781,RIVERS,South South,Okrika,STEWART LINDA S,PDP,53,FEMALE
782,RIVERS,South South,Omuma,KELECHI NWOGU,PDP,40,MALE
783,RIVERS,South South,Onelga I (Ogba/Egbema/Ndoni I),AHIANKWO CHRISTIAN,PDP,47,MALE
784,RIVERS,South South,Onelga II  (Ogba/Egbema/Ndoni II),NATHANIEL UWAJI L.O,PDP,57,MALE
785,RIVERS,South South,Opobo/Nkoro,ADONYE DIRI,PDP,50,MALE
786,RIVERS,South South,Port-Harcourt I,SOLOMON WANI,PDP,47,MALE
787,RIVERS,South South,Port-Harcourt II,SMART TONYE ADOKI,PDP,41,MALE
788,RIVERS,South South,Port-Harcourt III,AZERU OPARA,PDP,42,MALE
789,RIVERS,South South,Tai,MATHEW DIKE,PDP,52,MALE
790,RIVERS,South South,Asari-Toru I,GEORGE IPALIBO,SDP,40,MALE
791,RIVERS,South South,Oyigbo,NWANKWO PROMISE C.,SDP,32,MALE
792,EKITI,South West,Ado Ekiti I,LUCAS OLUWATOYIN FELIX,APC,42,MALE
793,EKITI,South West,Ado Ekiti II,BALOGUN ADEKEMI ADEBAMBI,APC,52,FEMALE
794,EKITI,South West,Efon,OLAJIDE ADEGOKE AYOBAMI,APC,45,MALE
795,EKITI,South West,Ekiti East I,ADEGBUYI AMOS OLUWAJUWA,APC,49,MALE
796,EKITI,South West,Ekiti East II,AKANLE LATEEF OLUNOLE,APC,51,MALE
797,EKITI,South West,Ekiti South West I,AYOKUNLE YEMISI,APC,54,FEMALE
798,EKITI,South West,Ekiti South West II,OLATUNJI JOSEPH,APC,40,MALE
799,EKITI,South West,Ekiti West I,AKINGBOLU TAJUDEEN,APC,44,MALE
800,EKITI,South West,Ekiti West II,BODE-ADEOYE OYEKOLA JOHNSON,APC,39,MALE
801,EKITI,South West,Emure,OLUBUNMI RACHAEL ADELUGBA,APC,54,FEMALE
802,EKITI,South West,Gbonyin,OKUYIGA EYITAYO ADETEJU,APC,52,FEMALE
803,EKITI,South West,Ido/Osi I,FAWEKUN ABIODUN BABATUNDE,APC,37,MALE
804,EKITI,South West,Ido/Osi II,AKINOSO EMMANUEL,APC,59,MALE
805,EKITI,South West,Ijero,OJO MARTINS ADEMOLA,APC,49,MALE
806,EKITI,South West,Ikere I,AFUYI FUMINIYI EBENEZER,APC,62,MALE
807,EKITI,South West,Ikere II,BABATUNDE LAWRANCE IDOWU,APC,41,FEMALE
808,EKITI,South West,Ikole I,OLUGBOYEGA ARIBISOGAN MATHEW,APC,53,MALE
809,EKITI,South West,Ikole II,ADEOYE STEPHEN ARIBASOYE,APC,42,MALE
810,EKITI,South West,Ilejemeje,OGUNLEYE OLUTOPE,APC,55,MALE
811,EKITI,South West,Irepodun/Ifelodun I,AKINDELE FEMI OLANREWAJU,APC,43,MALE
812,EKITI,South West,Irepodun/Ifelodun II,AYODEJI HAKEEM JAMIU,APC,53,MALE
813,EKITI,South West,Ise/Orun,AJAYI AYODEJI MOSES,APC,44,MALE
814,EKITI,South West,Moba I,ADEYEMI RAPHAEL AJIBADE,APC,39,MALE
815,EKITI,South West,Moba II,ARUBU MICHAEL KOLA,APC,61,MALE
816,EKITI,South West,Oye I,AWOYEMI OLUWASEUN REUBEN,APC,39,MALE
817,EKITI,South West,Oye II,OGUNYEMI OSATUYI ABRAHAM,APC,50,MALE
818,LAGOS,South West,Agege I,OBASA MUDASHIRU AJAYI,APC,45,MALE
819,LAGOS,South West,Agege II,OGUNDIMU OLUYINKA,APC,55,MALE
820,LAGOS,South West,Ajeromi/Ifelodun I,OLUMOH SAAD LUKMAN,APC,51,MALE
821,LAGOS,South West,Ajeromi/Ifelodun II,OLUWA OLATUNJI FATAI,APC,38,MALE
822,LAGOS,South West,Alimosho I,YUSUFF ADEBISI ABDULRAHMAN,APC,64,MALE
823,LAGOS,South West,Alimosho II,KEHINDE OLAIDE JOSEPH,APC,50,MALE
824,LAGOS,South West,Amuwo Odofin I,MOJISOLA KEHINDE ALLI-MACAULAY,APC,41,FEMALE
825,LAGOS,South West,Amuwo Odofin II,RAUF OLAWALE AGE-SULEIMAN,APC,47,MALE
826,LAGOS,South West,Apapa I,MERANDA MOJISOLA LASBAT,APC,38,FEMALE
827,LAGOS,South West,Apapa II,OLUMUYIWA WAHAB JIMOH,APC,44,MALE
828,LAGOS,South West,Badagry I,LAYODE IBRAHIM OLANREWAJU,APC,45,MALE
829,LAGOS,South West,Badagry II,SETONJI SAMUEL DAVID,APC,59,MALE
830,LAGOS,South West,Epe I,ABIODUN TOBUN MUSTAINU,APC,55,MALE
831,LAGOS,South West,Epe II,OGUNKELU SYLVESTER OLUWADAHUNSI,APC,39,MALE
832,LAGOS,South West,Eti-Osa I,ADAMS NOHEEM BABATUNDE,APC,38,MALE
833,LAGOS,South West,Eti-Osa II,YISHAWU GBOLAHAN RUFAI ALABI,APC,51,MALE
834,LAGOS,South West,Ibeju Lekki I,MOJEED FATAI ADEBOLA,APC,45,MALE
835,LAGOS,South West,Ibeju Lekki II,KAZEEM RAHEEM ADEWALE,APC,43,MALE
836,LAGOS,South West,Ifako/Ijaiye I,ADEWALE TEMITOPE A,APC,35,MALE
837,LAGOS,South West,Ifako/Ijaiye II,MAKINDE RASHEED LANRE,APC,43,MALE
838,LAGOS,South West,Ikeja I,MOHAMMED FOLAJIMI JUBRIL,APC,38,MALE
839,LAGOS,South West,Ikeja II,ADEDAMOLA KASUNMU,APC,35,MALE
840,LAGOS,South West,Ikorodu I,AGUNBIADE SANAI O. BOLANLE,APC,54,MALE
841,LAGOS,South West,Ikorodu II,SOLAJA-SAKA NURUDEEN,APC,55,MALE
842,LAGOS,South West,Kosofe I,SANNI GANIYU BABATUNDE OKANLAWON,APC,53,MALE
843,LAGOS,South West,Kosofe II,OLATUNDE ADEBAYO BRAIMOH,APC,58,MALE
844,LAGOS,South West,Lagos Island I,WASIU SANNI OLATUNJI ESHILOKUN,APC,57,MALE
845,LAGOS,South West,Lagos Island II,OLANREWAJU SULEIMAN AFINNI,APC,34,MALE
846,LAGOS,South West,Lagos Mainland I,OWOLABI IBRAHIM AJANI OLATUNBOSUN,APC,32,MALE
847,LAGOS,South West,Lagos Mainland II,MOSHOOD OLANREWAJU OSHUN,APC,49,MALE
848,LAGOS,South West,Mushin I,AKINSANYA AYINDE NURENI,APC,51,MALE
849,LAGOS,South West,Mushin II,OLAWALE SABURI OLAWALE,APC,54,MALE
850,LAGOS,South West,Ojo I,VICTOR OLUSEGUN AKANDE,APC,52,MALE
851,LAGOS,South West,Ojo II,TIJANI SURAJU OLATUNJI,APC,42,MALE
852,LAGOS,South West,Oshodi/Isolo I,SOKUNLE OLUSOLA HAKEEM,APC,48,MALE
853,LAGOS,South West,Oshodi/Isolo II,IDIMOGU JUDE EMEKA,APC,49,MALE
854,LAGOS,South West,Shomolu I,OLOWO ROTIMI EMMANUEL,APC,50,MALE
855,LAGOS,South West,Shomolu II,ABIRU ROTIMI LATEEF,APC,52,MALE
856,LAGOS,South West,Surulere I,DESMOND OLUSOLA ELLIOTT,APC,43,MALE
857,LAGOS,South West,Surulere II,SANGODARA MOSUNMOLA ROTIMI,APC,54,FEMALE
858,OGUN,South West,Egbado North I,ADEGOKE OLUSESI A.,ADC,35,MALE
859,OGUN,South West,Egbado North II,HARUNA ABIODUN WAHAB,ADC,34,MALE
860,OGUN,South West,Imeko-Afon,JEMILI AKINGBADA,ADC,59,MALE
861,OGUN,South West,Abeokuta North,OLUDOTUN TAIWO,APC,45,MALE
862,OGUN,South West,Abeokuta South I,ADEJOJO YUSUF TEMITOPE,APC,33,MALE
863,OGUN,South West,Ado-Odo/Ota I,YUSUF SHERIF ABIODUN,APC,44,MALE
864,OGUN,South West,Ifo I,OLAKUNLE TAIWO OLUOWO,APC,55,MALE
865,OGUN,South West,Ijebu East,ADAMS ISAAC OLUSHOLA,APC,40,MALE
866,OGUN,South West,Ijebu North East,FASUWA ABAYOMI JOHNSON,APC,45,MALE
867,OGUN,South West,Ijebu North II (Ago-Iwoye/Oru/Awa),OLUDARE KADIRI,APC,50,MALE
868,OGUN,South West,Ijebu-Ode,ODUWOLE KEMI OLAITAN,APC,53,MALE
869,OGUN,South West,Ikenne (Irepodun),OLAKUNLE SOBUKANLA,APC,40,MALE
870,OGUN,South West,Obafemi/Owode,SOWEYE DAMILOLA KAYODE,APC,38,MALE
871,OGUN,South West,Odeda,ELEMIDE OLUDAISI OLUSEGUN,APC,55,MALE
872,OGUN,South West,Odogbolu (Alekkun-Ifesowapo/Laporu,BELLO ATINUKE,APC,33,FEMALE
873,OGUN,South West,Ogun Waterside (Abigi/Ibiade/Iwopin/,BALOGUN AKEEM AGBOLADE,APC,53,MALE
874,OGUN,South West,Remo North (Idarapo),OSHO SOLOMON OLUWASEYI,APC,34,MALE
875,OGUN,South West,Sagamu I Offin,ABDUL BASHIR OLADUNJOYE,APC,40,MALE
876,OGUN,South West,Abeokuta North,MODUPE ONIKEPO MUJOTA,APM,46,FEMALE
877,OGUN,South West,Ado-Odo/Ota II,LAMIDI MUSEFIU OLATUNJI,APM,55,MALE
878,OGUN,South West,Egbado South (Ilaro/Owode),BOLANLE LATEEFAT AJAYI,APM,56,FEMALE
879,OGUN,South West,Ewekoro,AMOSUN YUSUF OLAWALE,APM,31,MALE
880,OGUN,South West,Ifo II,GANIYU ALANI OYEDEJI,APM,56,MALE
881,OGUN,South West,Ipokia,SIKIRATU AJIBOLA OLAWUNMI,APM,43,FEMALE
882,OGUN,South West,Sagamu II Makun,ADENIRAN ADEMOLA ADEYINKA,APM,34,MALE
883,ONDO,South West,Akoko North West I,JAMIU SULAIMAN MAITO,APC,48,MALE
884,ONDO,South West,Akoko North West II,MOHAMMED TAOFIK OLADELE,APC,38,MALE
885,ONDO,South West,Akoko South East,TOWASE KUTI OLUWASEGUNOTA,APC,52,MALE
886,ONDO,South West,Akoko South West I,OMOLE OLUGBENGA AKINOLA,APC,46,MALE
887,ONDO,South West,Akoko South West II,FELEMU GUDU BANKOLE OLUSEGUN,APC,59,FEMALE
888,ONDO,South West,Akure North,ABIODUN FALEYE,APC,62,MALE
889,ONDO,South West,Akure South I,BOROKINI TOLUWANI SIMEON,APC,32,MALE
890,ONDO,South West,Akure South II,OLAJIDE DAVID SUNDAY,APC,48,MALE
891,ONDO,South West,Ese-Odo,TORHUKERHIJO SUCCESS TAIWO,APC,55,MALE
892,ONDO,South West,Ifedore,OLEYELOGUN BAMIDELE DAVID,APC,55,MALE
893,ONDO,South West,Ilaje I,AKINRUNTAN ABAYOMI BABATUNDE,APC,45,MALE
894,ONDO,South West,Ilaje II,TOMOMEWO FAVOUR SEMILORE,APC,31,FEMALE
895,ONDO,South West,Ile-Oluji/Okeigbo,ADEFIRANYE AYODELE FESTUS,APC,48,MALE
896,ONDO,South West,Irele,ADEMOLA SAMUEL EDAMISAN,APC,48,MALE
897,ONDO,South West,Odigbo I,IROJU OGUNDEJI,APC,50,MALE
898,ONDO,South West,Odigbo II,ADEROBOYE SAMUEL ADEMOYE,APC,59,MALE
899,ONDO,South West,Okitipupa I,AKINROGUNDE AKINTOMIDE,APC,39,MALE
900,ONDO,South West,Okitipupa II,AKINWUMI SINA EMMANUEL,APC,39,MALE
901,ONDO,South West,Ondo East,OLADIJI OLAMIDE ADESANMI,APC,51,MALE
902,ONDO,South West,Ondo West II,WILLIAMS ADEWINLE ADEWALE,APC,48,MALE
903,ONDO,South West,Ose,OLUYEDE OLUSHOLA FEYIDE,APC,54,MALE
904,ONDO,South West,Owo I,OGUNMOLASUYI OLUWOLE EMMANUEL,APC,44,MALE
905,ONDO,South West,Owo II,ADEYEMI OLAYEMI ADESHINA,APC,44,MALE
906,ONDO,South West,Akoko North East,ELEGBELEYE RASHEED,PDP,52,MALE
907,ONDO,South West,Idanre,AKINGBASO FESTUS O,PDP,48,MALE
908,ONDO,South West,Ondo West I,AKINRIBIDO TOMIDE LEONARD,ZLP,31,MALE
909,OSUN,South West,Atakunmosa East And West,KOMOLAFE BABATUNDE FESTUS,APC,45,MALE
910,OSUN,South West,Ayedaade,OLODO TAIWO ADEBAYO,APC,52,MALE
911,OSUN,South West,Ayedire,OGUNKANMI ABIDEMI GBENGA,APC,46,MALE
912,OSUN,South West,Boripe/Boluwa-Duro,POPOOLA SIMEON OLUFEMI,APC,60,MALE
913,OSUN,South West,Egbedore,IBIROGBA JOHN BABATUNDE,APC,54,MALE
914,OSUN,South West,Ejigbo,OYEKUNLE ISRAEL ADEKUNLE,APC,56,MALE
915,OSUN,South West,Ife Central,ADEBUSOLA TAIWO HEZEKIAH,APC,43,MALE
916,OSUN,South West,Ife East,ADEYEYE OLAJIDE MARTINS,APC,59,MALE
917,OSUN,South West,Ife North,OLATUNJI BABATUNDE LEKAN,APC,36,MALE
918,OSUN,South West,Ife South,OGUNDIPE BENJAMIN OLUGBENGA,APC,45,MALE
919,OSUN,South West,Ifedayo,ABIOYE ADENIKE ELIZABETH,APC,57,FEMALE
920,OSUN,South West,Ifelodun,JIMOH MULIKAT ABIOLA,APC,46,FEMALE
921,OSUN,South West,Ila,ADEBISI LATEEF ADELANI,APC,53,MALE
922,OSUN,South West,Ilesa East,TIMOTHY OWOEYE,APC,46,MALE
923,OSUN,South West,Ilesa West,ADEWALE RICHARDS ADEDOYIN,APC,47,MALE
924,OSUN,South West,Irepodun/Orulu,OLATEJU NASIRU BABATUNDE,APC,70,MALE
925,OSUN,South West,Irewole/Isokan,OLANREWAJU MARUF AJIBOLA,APC,58,MALE
926,OSUN,South West,Iwo,UZAMOT HALILY ADEBAYO,APC,46,MALE
927,OSUN,South West,Odo-Otin,ADETOYI YINKA MICHAEL,APC,46,MALE
928,OSUN,South West,Ola-Oluwa,ADEGBILE ADIRULAHI ABEFE,APC,34,MALE
929,OSUN,South West,Olorunda,AKANDE MOSHOOD KUNLE,APC,62,MALE
930,OSUN,South West,Oriade,OJO DESMOND BABATUNDE OLUMIDE,APC,41,MALE
931,OSUN,South West,Osogbo,BADAMASI TAOFEEK OLATUNDE,APC,48,MALE
932,OSUN,South West,Ede North,KOFOWOROLA ADEWUMI BABAJIDE,PDP,43,MALE
933,OSUN,South West,Ede South,STEPHEN AKANFE O.,PDP,38,MALE
934,OSUN,South West,Obokun,ADEYEMI ADEWUMI,PDP,34,MALE
935,OYO,South West,Ogbomoso North,OLADEJI BIMBO OLAWUMI,ADP,50,FEMALE
936,OYO,South West,Afijio,OLUSEYI ADISA,APC,35,MALE
937,OYO,South West,Atiba,ALARAPE ASIMIYU NIRAN,APC,56,MALE
938,OYO,South West,Ogo-Oluwa/Surulere,OYELEKE SIMON ADEGBOLA,APC,54,MALE
939,OYO,South West,Oriire,BAMIGBOYE JACOB ABIDOYE,APC,54,MALE
940,OYO,South West,Oyo East/Oyo West,ISIAKA KAZEEM TUNDE,APC,38,MALE
941,OYO,South West,Akinyele I,FATOKUN AYOTUNDE O.,PDP,34,MALE
942,OYO,South West,Akinyele II,OLATUNDE KEHINDE,PDP,54,MALE
943,OYO,South West,Egbeda,BABALOLA O. SAMSON,PDP,26,MALE
944,OYO,South West,Ibadan North I,OYEKUNLE FOLA S.,PDP,35,MALE
945,OYO,South West,Ibadan North II,ADEBAYO BABAJIDE G.,PDP,34,MALE
946,OYO,South West,Ibadan North-East I,OLAMIDE OLAGOKE,PDP,32,MALE
947,OYO,South West,Ibadan North-East II,OWOLABI OLUSHOLA,PDP,33,MALE
948,OYO,South West,Ibadan North-West,AKEEM OBADARA,PDP,54,MALE
949,OYO,South West,Ibadan South-East I,ABDULLAHI ADEMOLA RASAK,PDP,43,MALE
950,OYO,South West,Ibadan South-East II,"POPOOLA ADEMOLA O,",PDP,42,MALE
951,OYO,South West,Ibadan South-West I,YUSUF ADEBISI,PDP,26,MALE
952,OYO,South West,Ibadan South-West II,OLUWAFEMI FOWOKANNU,PDP,45,MALE
953,OYO,South West,Ibarapa Central/Ibarapa North,OJEDOKUN PETER,PDP,65,MALE
954,OYO,South West,Ibarapa East,OGUNDOYIN DEBO EDWARD,PDP,31,MALE
955,OYO,South West,Ido,MOBAJE RAZAK,PDP,48,MALE
956,OYO,South West,Irepo/Olorunsogo,KAZEEM OLAYANJU,PDP,33,MALE
957,OYO,South West,Iseyin/Itesiwaju,ADEMOLA BAMIDELE,PDP,42,MALE
958,OYO,South West,Iwajowa,ADEDIBU HAKEEM A.,PDP,40,MALE
959,OYO,South West,Kajola,AKEEM MUSTAPHA,PDP,46,MALE
960,OYO,South West,Lagelu,AKINJUNDE OLAJIDE,PDP,39,MALE
961,OYO,South West,Ogbomoso South,SANTO ADEDOYIN,PDP,49,MALE
962,OYO,South West,Oluyole,FRANCIS A. ADETUNJI,PDP,49,MALE
963,OYO,South West,Ona-Ara,ABIODUN FADEYI,PDP,51,MALE
964,OYO,South West,Orelope,ADEBUNMI L. OLAYIWOLA,PDP,43,MALE
965,OYO,South West,Saki East/Atisbo,SAMINU RIDWAN GBADAMOSI,PDP,42,MALE
966,OYO,South West,Saki West,OKEDOYIN FEMI,PDP,30,MALE
